municipio,codigo_dane,fecha_año,cantidad,dpnom,pob,tasa_secuestro
ABREGO,54003,2010,1.0,Norte de Santander,29921,3.34213428695565
ABREGO,54003,2013,2.0,Norte de Santander,30253,6.610914620037683
ABREGO,54003,2015,2.0,Norte de Santander,30358,6.588049278608604
ABREGO,54003,2017,1.0,Norte de Santander,30923,3.2338388901464925
ABREGO,54003,2018,1.0,Norte de Santander,31786,3.146039136726861
ABREGO,54003,2019,2.0,Norte de Santander,33003,6.060055146501833
ABREGO,54003,2021,2.0,Norte de Santander,34395,5.814798662596307
ACACÍAS,50006,2014,2.0,Meta,80841,2.4739921574448607
ACACÍAS,50006,2017,2.0,Meta,86156,2.3213705371651425
ACACÍAS,50006,2021,1.0,Meta,92607,1.0798319781442007
ACEVEDO,41006,2018,1.0,Huila,24774,4.03648986841043
AGUA DE DIOS,25001,2012,1.0,Cundinamarca,10192,9.811616954474099
AGUACHICA,20011,2010,4.0,Cesar,93430,4.281280102750722
AGUACHICA,20011,2011,1.0,Cesar,95063,1.051933980623376
AGUACHICA,20011,2012,3.0,Cesar,96687,3.102795618852586
AGUACHICA,20011,2014,1.0,Cesar,99950,1.0005002501250626
AGUACHICA,20011,2017,1.0,Cesar,106119,0.9423383183030372
AGUACHICA,20011,2019,1.0,Cesar,114569,0.8728364566331207
AGUACHICA,20011,2021,1.0,Cesar,121140,0.8254911672445104
AGUAZUL,85010,2010,2.0,Casanare,32335,6.185248183083347
AGUAZUL,85010,2011,4.0,Casanare,32901,12.157685176742348
AGUAZUL,85010,2012,4.0,Casanare,33434,11.96386911527188
AGUAZUL,85010,2013,2.0,Casanare,33961,5.889108094579076
AGUAZUL,85010,2015,1.0,Casanare,34991,2.8578777399902835
AGUSTÍN CODAZZI,20013,2016,2.0,Cesar,58086,3.4431704713700375
ALBANIA,18029,2017,1.0,Caquetá,4821,20.742584526031944
ALBANIA,44035,2010,1.0,La Guajira,22725,4.400440044004401
ALBANIA,44035,2014,1.0,La Guajira,25409,3.9356133653429892
ALBANIA,44035,2017,1.0,La Guajira,27799,3.597251699701428
ALBANIA,44035,2020,1.0,La Guajira,32265,3.099333643266698
ALBÁN,25019,2012,1.0,Cundinamarca,5581,17.917935853789643
ALBÁN,52019,2011,1.0,Nariño,10474,9.547450830628222
ALBÁN,52019,2018,1.0,Nariño,9642,10.371292263015972
ALGECIRAS,41020,2011,1.0,Huila,21677,4.613184481247405
ALGECIRAS,41020,2014,1.0,Huila,22002,4.545041359876375
ALMAGUER,19022,2011,1.0,Cauca,18741,5.335894562723441
ALMAGUER,19022,2014,1.0,Cauca,18557,5.388802069299995
ALMAGUER,19022,2017,2.0,Cauca,18430,10.851871947911015
ALTAMIRA,41026,2017,1.0,Huila,4212,23.741690408357076
ALTO BAUDÓ,27025,2014,1.0,Chocó,24921,4.0126800690180975
ALTO BAUDÓ,27025,2016,1.0,Chocó,26277,3.8056094683563573
ALTO BAUDÓ,27025,2019,1.0,Chocó,27982,3.5737259666928742
ALVARADO,73026,2014,1.0,Tolima,8719,11.469205184080744
AMAGÁ,5030,2018,1.0,Antioquia,30227,3.3083005260197837
AMALFI,5031,2012,1.0,Antioquia,24332,4.109814236396515
AMALFI,5031,2013,2.0,Antioquia,24548,8.147303242626691
AMALFI,5031,2021,1.0,Antioquia,27496,3.636892638929299
AMBALEMA,73030,2012,1.0,Tolima,7082,14.12030499858797
AMBALEMA,73030,2014,2.0,Tolima,6945,28.797696184305252
ANDALUCÍA,76036,2019,2.0,Valle del Cauca,22515,8.882966910948257
ANDALUCÍA,76036,2021,1.0,Valle del Cauca,22716,4.402183483007572
ANGOSTURA,5038,2013,2.0,Antioquia,11661,17.151187719749593
ANOLAIMA,25040,2016,1.0,Cundinamarca,13072,7.649938800489595
ANSERMA,17042,2010,1.0,Caldas,37008,2.7021184608733244
ANSERMA,17042,2018,1.0,Caldas,36149,2.766328252510443
ANSERMANUEVO,76041,2020,1.0,Valle del Cauca,17316,5.775005775005774
ANZOÁTEGUI,73043,2010,1.0,Tolima,10164,9.838646202282565
ANZOÁTEGUI,73043,2016,1.0,Tolima,10088,9.912767644726408
APARTADÓ,5045,2010,1.0,Antioquia,102469,0.9759049078257814
APARTADÓ,5045,2011,1.0,Antioquia,104703,0.955082471371403
APARTADÓ,5045,2013,2.0,Antioquia,108910,1.836378661279956
ARAUCA (CT),81001,2010,7.0,Arauca,74997,9.333706681600598
ARAUCA (CT),81001,2011,4.0,Arauca,75564,5.293526017680377
ARAUCA (CT),81001,2012,4.0,Arauca,76116,5.255136896316149
ARAUCA (CT),81001,2013,13.0,Arauca,76798,16.927524154274852
ARAUCA (CT),81001,2014,8.0,Arauca,77560,10.314595152140278
ARAUCA (CT),81001,2015,2.0,Arauca,78436,2.5498495588760264
ARAUCA (CT),81001,2017,1.0,Arauca,81824,1.222135314822057
ARAUCA (CT),81001,2018,2.0,Arauca,85585,2.336858094292224
ARAUCA (CT),81001,2019,2.0,Arauca,91875,2.17687074829932
ARAUCA (CT),81001,2020,5.0,Arauca,96814,5.164542318259755
ARAUCA (CT),81001,2021,5.0,Arauca,99143,5.043220398817869
ARAUQUITA,81065,2010,12.0,Arauca,42027,28.55307302448426
ARAUQUITA,81065,2011,9.0,Arauca,42544,21.15456938698759
ARAUQUITA,81065,2013,5.0,Arauca,43706,11.440076877316615
ARAUQUITA,81065,2014,2.0,Arauca,44350,4.509582863585119
ARAUQUITA,81065,2015,1.0,Arauca,45049,2.2198051011121223
ARAUQUITA,81065,2016,3.0,Arauca,46085,6.509710317890853
ARAUQUITA,81065,2017,2.0,Arauca,47442,4.215673875468994
ARAUQUITA,81065,2018,3.0,Arauca,49841,6.019140867960114
ARAUQUITA,81065,2019,2.0,Arauca,53407,3.744827457074915
ARAUQUITA,81065,2020,4.0,Arauca,56209,7.116298101727481
ARBELÁEZ,25053,2015,1.0,Cundinamarca,11059,9.042408897730356
ARGELIA,19050,2011,1.0,Cauca,24388,4.100377234705593
ARGELIA,19050,2012,2.0,Cauca,24639,8.1172125492106
ARIGUANÍ,47058,2012,1.0,Magdalena,28816,3.4702942809550255
ARMENIA (CT),63001,2011,1.0,Quindio,281880,0.3547608911593586
ARMENIA (CT),63001,2013,2.0,Quindio,284183,0.7037718653121404
ARMENIA (CT),63001,2016,1.0,Quindio,289151,0.3458400628045554
ARMERO,73055,2021,2.0,Tolima,12072,16.56726308813784
ASTREA,20032,2013,1.0,Cesar,18595,5.377789728421619
ASTREA,20032,2015,1.0,Cesar,18983,5.267871253226572
ATRATO,27050,2018,1.0,Chocó,6063,16.49348507339601
BAGADÓ,27073,2011,2.0,Chocó,9900,20.2020202020202
BAGADÓ,27073,2014,1.0,Chocó,10357,9.655305590421937
BAHÍA SOLANO,27075,2013,1.0,Chocó,9501,10.52520787285549
BAJO BAUDÓ,27077,2010,1.0,Chocó,23986,4.169098640873843
BAJO BAUDÓ,27077,2018,1.0,Chocó,29957,3.3381179690890277
BALBOA,19075,2010,2.0,Cauca,20329,9.838162231295193
BALBOA,19075,2014,1.0,Cauca,20682,4.835122328594913
BARANOA,8078,2010,1.0,Atlántico,55331,1.8073051273246463
BARBACOAS,52079,2010,1.0,Nariño,48536,2.060326355694742
BARBACOAS,52079,2014,2.0,Nariño,52221,3.829876869458647
BARBACOAS,52079,2015,1.0,Nariño,53098,1.8833101058420278
BARBACOAS,52079,2016,3.0,Nariño,53984,5.557202133965619
BARBACOAS,52079,2017,1.0,Nariño,54839,1.823519757836576
BARBOSA,5079,2013,2.0,Antioquia,48274,4.143016944939305
BARBOSA,5079,2015,1.0,Antioquia,49550,2.018163471241171
BARBOSA,5079,2020,1.0,Antioquia,54347,1.8400279684251202
BARBOSA,68077,2010,1.0,Santander,27508,3.6353060927730114
BARBOSA,68077,2018,1.0,Santander,31050,3.22061191626409
BARRANCABERMEJA,68081,2011,3.0,Santander,191231,1.5687833039622237
BARRANCABERMEJA,68081,2016,2.0,Santander,198513,1.0074906933047205
BARRANCABERMEJA,68081,2017,2.0,Santander,200583,0.9970934725275821
BARRANCABERMEJA,68081,2021,1.0,Santander,213061,0.46934915352880163
BARRANCAS,44078,2016,1.0,La Guajira,33275,3.005259203606311
BARRANCAS,44078,2017,1.0,La Guajira,34255,2.919281856663261
BARRANCAS,44078,2021,1.0,La Guajira,39221,2.549654521812294
BARRANQUILLA (CT),8001,2011,4.0,Atlántico,1134420,0.35260309232911974
BARRANQUILLA (CT),8001,2012,3.0,Atlántico,1140345,0.26307827894189917
BARRANQUILLA (CT),8001,2013,1.0,Atlántico,1146186,0.08724587457882055
BARRANQUILLA (CT),8001,2015,1.0,Atlántico,1158051,0.0863519827710524
BARRANQUILLA (CT),8001,2018,1.0,Atlántico,1206319,0.08289681253466123
BARRANQUILLA (CT),8001,2019,1.0,Atlántico,1243056,0.08044689861116475
BARRANQUILLA (CT),8001,2020,1.0,Atlántico,1274250,0.07847753580537571
BARRANQUILLA (CT),8001,2021,8.0,Atlántico,1297082,0.6167690246260452
BECERRIL,20045,2015,1.0,Cesar,20090,4.9776007964161275
BELLO,5088,2010,2.0,Antioquia,445349,0.44908599772313396
BELLO,5088,2011,1.0,Antioquia,454478,0.2200326528456823
BELLO,5088,2015,2.0,Antioquia,490014,0.40815160383172727
BELLO,5088,2016,2.0,Antioquia,499621,0.40030342999993995
BELLO,5088,2017,4.0,Antioquia,510031,0.7842660544163003
BELLO,5088,2020,2.0,Antioquia,552154,0.3622177870666517
BELLO,5088,2021,1.0,Antioquia,560831,0.1783068339660254
BETANIA,5091,2013,1.0,Antioquia,10711,9.336196433572963
BETULIA,5093,2014,1.0,Antioquia,15443,6.47542575924367
BOCHALEMA,54099,2012,1.0,Norte de Santander,7409,13.497098123903362
BOGOTÁ D.C. (CT),11001,2010,13.0,"Bogotá, D.C.",7096886,0.18317893228100324
BOGOTÁ D.C. (CT),11001,2011,11.0,"Bogotá, D.C.",7152656,0.15378902606248643
BOGOTÁ D.C. (CT),11001,2012,49.0,"Bogotá, D.C.",7195980,0.6809357446796684
BOGOTÁ D.C. (CT),11001,2013,41.0,"Bogotá, D.C.",7228427,0.5672050087799185
BOGOTÁ D.C. (CT),11001,2014,29.0,"Bogotá, D.C.",7252949,0.39983736270584563
BOGOTÁ D.C. (CT),11001,2015,17.0,"Bogotá, D.C.",7273265,0.23373271838713425
BOGOTÁ D.C. (CT),11001,2016,25.0,"Bogotá, D.C.",7300918,0.3424226925983828
BOGOTÁ D.C. (CT),11001,2017,9.0,"Bogotá, D.C.",7337449,0.12265843346917982
BOGOTÁ D.C. (CT),11001,2018,11.0,"Bogotá, D.C.",7412566,0.14839665508543196
BOGOTÁ D.C. (CT),11001,2019,4.0,"Bogotá, D.C.",7592871,0.052680995107120876
BOGOTÁ D.C. (CT),11001,2020,5.0,"Bogotá, D.C.",7743955,0.06456649089515629
BOGOTÁ D.C. (CT),11001,2021,9.0,"Bogotá, D.C.",7834167,0.11488139070816335
BOLÍVAR,68101,2010,1.0,Santander,13854,7.218131947451999
BOLÍVAR,68101,2012,1.0,Santander,13136,7.61266747868453
BOLÍVAR,76100,2014,1.0,Valle del Cauca,16441,6.082355087890031
BOSCONIA,20060,2012,1.0,Cesar,35996,2.77808645405045
BOYACÁ,15104,2013,6.0,Boyacá,5002,119.95201919232306
BRICEÑO,5107,2010,2.0,Antioquia,8256,24.224806201550386
BUCARAMANGA (CT),68001,2010,3.0,Santander,522105,0.574597063809004
BUCARAMANGA (CT),68001,2011,1.0,Santander,528984,0.1890416345295888
BUCARAMANGA (CT),68001,2013,1.0,Santander,542098,0.18446849093706305
BUCARAMANGA (CT),68001,2014,1.0,Santander,548447,0.18233302397496934
BUENAVENTURA,76109,2010,4.0,Valle del Cauca,296080,1.3509862199405567
BUENAVENTURA,76109,2011,3.0,Valle del Cauca,297593,1.0080882278817043
BUENAVENTURA,76109,2012,3.0,Valle del Cauca,298906,1.0036600135159548
BUENAVENTURA,76109,2013,6.0,Valle del Cauca,299904,2.0006402048655567
BUENAVENTURA,76109,2014,10.0,Valle del Cauca,300895,3.3234184682364276
BUENAVENTURA,76109,2015,6.0,Valle del Cauca,302099,1.9861038930946477
BUENAVENTURA,76109,2016,3.0,Valle del Cauca,303516,0.9884157672083185
BUENAVENTURA,76109,2017,5.0,Valle del Cauca,305003,1.6393281377560218
BUENAVENTURA,76109,2018,2.0,Valle del Cauca,308188,0.6489545342453308
BUENAVENTURA,76109,2019,2.0,Valle del Cauca,310194,0.6447577967336571
BUENAVENTURA,76109,2020,2.0,Valle del Cauca,311827,0.6413812787218555
BUENAVENTURA,76109,2021,7.0,Valle del Cauca,313508,2.2327978871352565
BUENAVISTA,15109,2010,1.0,Boyacá,4626,21.616947686986595
BUENAVISTA,23079,2013,1.0,Córdoba,20029,4.992760497278946
BUENAVISTA,23079,2016,1.0,Córdoba,20617,4.8503662026483
BUENOS AIRES,19110,2014,2.0,Cauca,29560,6.765899864682003
BUENOS AIRES,19110,2015,3.0,Cauca,30022,9.99267204050363
BUESACO,52110,2011,1.0,Nariño,23566,4.243401510650938
CAICEDONIA,76122,2012,1.0,Valle del Cauca,30469,3.2820243526206965
CAJAMARCA,73124,2012,1.0,Tolima,18737,5.337033676682499
CAJIBÍO,19130,2010,1.0,Cauca,40840,2.4485798237022527
CAJIBÍO,19130,2012,1.0,Cauca,41109,2.4325573475394684
CAJIBÍO,19130,2017,2.0,Cauca,41879,4.775663220229709
CAJIBÍO,19130,2018,1.0,Cauca,42014,2.3801589946208406
CALAMAR,95015,2011,1.0,Guaviare,8124,12.309207287050715
CALDAS,5129,2011,1.0,Antioquia,71475,1.3990905911157747
CALDAS,5129,2012,1.0,Antioquia,72507,1.3791771828926862
CALDAS,5129,2015,1.0,Antioquia,75622,1.3223665071011081
CALDAS,5129,2016,1.0,Antioquia,76766,1.3026600317849046
CALDAS,15131,2012,1.0,Boyacá,3305,30.2571860816944
CALDONO,19137,2010,1.0,Cauca,34016,2.939793038570085
CALDONO,19137,2016,1.0,Cauca,38483,2.598550009094925
CALDONO,19137,2017,4.0,Cauca,39247,10.191861798354013
CALDONO,19137,2018,2.0,Cauca,39946,5.006759124818505
CALI (CT),76001,2010,17.0,Valle del Cauca,2146535,0.7919740418861095
CALI (CT),76001,2011,27.0,Valle del Cauca,2156926,1.2517814704816022
CALI (CT),76001,2012,15.0,Valle del Cauca,2165625,0.6926406926406927
CALI (CT),76001,2013,20.0,Valle del Cauca,2172204,0.9207238362511071
CALI (CT),76001,2014,10.0,Valle del Cauca,2178842,0.45895939219089776
CALI (CT),76001,2015,6.0,Valle del Cauca,2186576,0.27440162153064884
CALI (CT),76001,2016,12.0,Valle del Cauca,2195915,0.5464692394742054
CALI (CT),76001,2017,19.0,Valle del Cauca,2205615,0.8614377395873714
CALI (CT),76001,2018,8.0,Valle del Cauca,2227642,0.3591241321540894
CALI (CT),76001,2019,4.0,Valle del Cauca,2241491,0.17845264602891558
CALI (CT),76001,2020,8.0,Valle del Cauca,2252616,0.35514264304257803
CALI (CT),76001,2021,9.0,Valle del Cauca,2264748,0.39739520688394464
CALIMA,76126,2014,1.0,Valle del Cauca,17504,5.712979890310786
CALOTO,19142,2012,2.0,Cauca,25356,7.887679444707367
CALOTO,19142,2015,1.0,Cauca,27687,3.611803373424351
CALOTO,19142,2018,1.0,Cauca,30181,3.3133428315827835
CALOTO,19142,2020,4.0,Cauca,30216,13.238019592268996
CAMPOALEGRE,41132,2014,1.0,Huila,30413,3.2880676026699107
CANDELARIA,76130,2010,1.0,Valle del Cauca,82881,1.2065491487795756
CANTAGALLO,13160,2012,1.0,Bolívar,7231,13.829345871940257
CAREPA,5147,2010,2.0,Antioquia,39427,5.072665939584549
CAREPA,5147,2015,1.0,Antioquia,44404,2.2520493649220787
CARMEN DE APICALÁ,73148,2013,1.0,Tolima,9682,10.32844453625284
CARMEN DE APICALÁ,73148,2014,1.0,Tolima,9739,10.267994660642776
CARTAGENA (CT),13001,2011,2.0,Bolívar,902797,0.2215337445738078
CARTAGENA (CT),13001,2013,1.0,Bolívar,919794,0.10871999599910416
CARTAGENA (CT),13001,2015,1.0,Bolívar,935887,0.10685050652482618
CARTAGENA (CT),13001,2016,2.0,Bolívar,945316,0.21156946460231288
CARTAGENA (CT),13001,2020,1.0,Bolívar,1028736,0.09720666915515741
CARTAGENA DEL CHAIRÁ,18150,2010,2.0,Caquetá,25767,7.761865952574999
CARTAGENA DEL CHAIRÁ,18150,2015,1.0,Caquetá,28792,3.473186996387885
CARTAGENA DEL CHAIRÁ,18150,2019,1.0,Caquetá,30778,3.2490740139060366
CARTAGENA DEL CHAIRÁ,18150,2020,1.0,Caquetá,31151,3.2101698179833713
CARTAGO,76147,2011,1.0,Valle del Cauca,134788,0.7419058076386622
CARTAGO,76147,2012,1.0,Valle del Cauca,134829,0.7416802023303593
CARTAGO,76147,2015,1.0,Valle del Cauca,134645,0.7426937502320918
CARTAGO,76147,2017,1.0,Valle del Cauca,134923,0.741163478428437
CARTAGO,76147,2018,1.0,Valle del Cauca,135729,0.7367622247272138
CASTILLA LA NUEVA,50150,2017,1.0,Meta,13928,7.1797817346352675
CAUCASIA,5154,2011,1.0,Antioquia,79274,1.2614476373085755
CAUCASIA,5154,2018,1.0,Antioquia,90213,1.1084876902441998
CAUCASIA,5154,2021,1.0,Antioquia,96927,1.0317042722873915
CAÑASGORDAS,5138,2010,2.0,Antioquia,16521,12.10580473336965
CAÑASGORDAS,5138,2017,1.0,Antioquia,15566,6.424257998201208
CERETÉ,23162,2011,1.0,Córdoba,97549,1.0251258341961476
CERINZA,15162,2010,1.0,Boyacá,3958,25.265285497726126
CHACHAGÜÍ,52240,2011,2.0,Nariño,14563,13.733434045182998
CHAPARRAL,73168,2010,1.0,Tolima,49913,2.0034860657544127
CHAPARRAL,73168,2014,3.0,Tolima,50046,5.994485073732166
CHAPARRAL,73168,2016,1.0,Tolima,50157,1.9937396574755268
CHAPARRAL,73168,2018,1.0,Tolima,50367,1.9854269660690533
CHIBOLO,47170,2010,4.0,Magdalena,17971,22.258082466195535
CHIGORODÓ,5172,2014,1.0,Antioquia,52877,1.89118142103372
CHIMICHAGUA,20175,2017,1.0,Cesar,33025,3.028009084027252
CHINCHINÁ,17174,2010,2.0,Caldas,50674,3.9467971740932235
CHINCHINÁ,17174,2011,1.0,Caldas,50584,1.9769096947651432
CHINCHINÁ,17174,2014,1.0,Caldas,50495,1.9803940984255868
CHINCHINÁ,17174,2017,1.0,Caldas,50947,1.9628241113313836
CHINÁCOTA,54172,2012,3.0,Norte de Santander,16027,18.718412678604857
CHINÁCOTA,54172,2016,1.0,Norte de Santander,16442,6.08198515995621
CHIQUINQUIRÁ,15176,2012,7.0,Boyacá,51941,13.476829479601856
CHIQUINQUIRÁ,15176,2013,3.0,Boyacá,52614,5.701904436081651
CHITAGÁ,54174,2010,1.0,Norte de Santander,10961,9.123255177447312
CHITAGÁ,54174,2013,1.0,Norte de Santander,10976,9.110787172011662
CHITAGÁ,54174,2017,1.0,Norte de Santander,11218,8.914244963451596
CHOCONTÁ,25183,2013,1.0,Cundinamarca,17631,5.671828030174125
CHÍA,25175,2012,1.0,Cundinamarca,97617,1.0244117315631498
CHÍA,25175,2019,1.0,Cundinamarca,141308,0.7076740170407904
CIMITARRA,68190,2010,1.0,Santander,28912,3.458771444382955
CIUDAD BOLÍVAR,5101,2010,1.0,Antioquia,26722,3.7422348626599806
CIUDAD BOLÍVAR,5101,2014,1.0,Antioquia,26185,3.818980332251289
CIÉNAGA,47189,2018,1.0,Magdalena,120071,0.8328405693298133
CIÉNEGA,15189,2014,2.0,Boyacá,4638,43.122035360069
COCORNÁ,5197,2013,1.0,Antioquia,16721,5.980503558399617
COCORNÁ,5197,2019,1.0,Antioquia,15042,6.648052120728626
COLÓN,52203,2012,1.0,Nariño,8674,11.528706479133042
CONCEPCIÓN,68207,2016,1.0,Santander,5803,17.232465965879715
CONDOTO,27205,2013,2.0,Chocó,12042,16.608536787908985
CONDOTO,27205,2015,3.0,Chocó,12348,24.295432458697764
CONDOTO,27205,2016,1.0,Chocó,12447,8.034064433196756
CONTADERO,52210,2012,3.0,Nariño,7089,42.319085907744395
CONVENCIÓN,54206,2011,1.0,Norte de Santander,17892,5.58909009613235
CONVENCIÓN,54206,2012,1.0,Norte de Santander,17863,5.598163802272855
CONVENCIÓN,54206,2013,1.0,Norte de Santander,17877,5.593779716954747
CONVENCIÓN,54206,2014,2.0,Norte de Santander,17809,11.230276826323768
CONVENCIÓN,54206,2017,3.0,Norte de Santander,17999,16.667592644035782
CONVENCIÓN,54206,2020,2.0,Norte de Santander,19647,10.17967119662035
COPACABANA,5212,2015,1.0,Antioquia,73796,1.3550869965851808
COPACABANA,5212,2016,2.0,Antioquia,74957,2.66819643262137
CORINTO,19212,2015,1.0,Cauca,24914,4.013807497792405
CORINTO,19212,2017,1.0,Cauca,25065,3.989626969878316
CORINTO,19212,2018,2.0,Cauca,25286,7.909515146721506
CORINTO,19212,2019,1.0,Cauca,25342,3.946018467366427
CORINTO,19212,2020,2.0,Cauca,25440,7.861635220125786
CORINTO,19212,2021,5.0,Cauca,25643,19.498498615606596
COROZAL,70215,2013,1.0,Sucre,64366,1.5536152627163409
COYAIMA,73217,2011,1.0,Tolima,23491,4.256949470009791
COYAIMA,73217,2018,1.0,Tolima,22813,4.383465567877964
CRAVO NORTE,81220,2018,2.0,Arauca,3925,50.95541401273885
CUASPUD,52224,2017,1.0,Nariño,9142,10.938525486764384
CUMARAL,50226,2014,1.0,Meta,21381,4.677049717038492
CUMARIBO,99773,2011,1.0,Vichada,58728,1.7027652908323119
CUMARIBO,99773,2013,1.0,Vichada,62571,1.598184462450656
CUMBAL,52227,2011,1.0,Nariño,32668,3.061099546957267
CUMBAL,52227,2016,1.0,Nariño,35762,2.7962641910407697
CURILLO,18205,2014,1.0,Caquetá,7396,13.520822065981612
CURUMANÍ,20228,2010,3.0,Cesar,32991,9.09338910611985
CURUMANÍ,20228,2014,2.0,Cesar,34643,5.773172069393528
CURUMANÍ,20228,2019,1.0,Cesar,38617,2.5895331071807752
CÁCERES,5120,2010,1.0,Antioquia,26363,3.793195008155369
CÁCERES,5120,2014,1.0,Antioquia,27503,3.6359669854197727
CÉRTEGUI,27160,2011,2.0,Chocó,6595,30.326004548900684
CÉRTEGUI,27160,2018,1.0,Chocó,5635,17.74622892635315
CÓMBITA,15204,2014,2.0,Boyacá,12323,16.22981416862777
CÓRDOBA,52215,2012,1.0,Nariño,14951,6.68851581833991
CÓRDOBA,52215,2014,1.0,Nariño,15189,6.583711896767397
CÓRDOBA,52215,2019,1.0,Nariño,15496,6.453278265358803
CÚCUTA (CT),54001,2010,4.0,Norte de Santander,649990,0.6153940829858922
CÚCUTA (CT),54001,2011,5.0,Norte de Santander,655161,0.7631711899823097
CÚCUTA (CT),54001,2012,6.0,Norte de Santander,659886,0.9092479610114474
CÚCUTA (CT),54001,2013,6.0,Norte de Santander,664411,0.9030554882444752
CÚCUTA (CT),54001,2014,3.0,Norte de Santander,668507,0.44876119472197
CÚCUTA (CT),54001,2015,4.0,Norte de Santander,672777,0.5945506460535958
CÚCUTA (CT),54001,2016,10.0,Norte de Santander,680030,1.4705233592635618
CÚCUTA (CT),54001,2017,2.0,Norte de Santander,690699,0.28956173383774986
CÚCUTA (CT),54001,2018,6.0,Norte de Santander,711715,0.84303407965267
CÚCUTA (CT),54001,2019,6.0,Norte de Santander,749197,0.8008574513779421
CÚCUTA (CT),54001,2020,1.0,Norte de Santander,777106,0.12868257354852491
CÚCUTA (CT),54001,2021,1.0,Norte de Santander,787891,0.1269211096458774
DAGUA,76233,2011,2.0,Valle del Cauca,45937,4.353788884776978
DAGUA,76233,2015,1.0,Valle del Cauca,47017,2.126890273730778
DAGUA,76233,2017,1.0,Valle del Cauca,47777,2.093057328840237
DAGUA,76233,2018,1.0,Valle del Cauca,48443,2.064281733170943
DIBULLA,44090,2010,1.0,La Guajira,29247,3.419154101275345
DIBULLA,44090,2012,1.0,La Guajira,31127,3.2126449706042983
DIBULLA,44090,2017,3.0,La Guajira,36037,8.324777312206898
DOLORES,73236,2018,1.0,Tolima,8359,11.963153487259241
DOSQUEBRADAS,66170,2010,1.0,Risaralda,198093,0.5048133957282691
DOSQUEBRADAS,66170,2013,1.0,Risaralda,204771,0.48835040117985457
DOSQUEBRADAS,66170,2016,1.0,Risaralda,211592,0.4726076600249537
DOSQUEBRADAS,66170,2017,1.0,Risaralda,214163,0.46693406424078854
DOSQUEBRADAS,66170,2020,1.0,Risaralda,223782,0.446863465336801
DUITAMA,15238,2014,1.0,Boyacá,115501,0.8657933697543744
DUITAMA,15238,2015,1.0,Boyacá,117159,0.8535409144837358
DUITAMA,15238,2017,1.0,Boyacá,120573,0.829373076891178
DURANIA,54239,2014,1.0,Norte de Santander,4434,22.552999548940008
DURANIA,54239,2016,1.0,Norte de Santander,4421,22.619316896629723
DURANIA,54239,2017,1.0,Norte de Santander,4472,22.361359570661897
EL BAGRE,5250,2013,1.0,Antioquia,46678,2.1423368610480313
EL BANCO,47245,2016,1.0,Magdalena,62912,1.5895218718209563
EL CAIRO,76246,2015,2.0,Valle del Cauca,7392,27.056277056277057
EL CAIRO,76246,2017,1.0,Valle del Cauca,6997,14.291839359725596
EL CARMEN,54245,2014,2.0,Norte de Santander,12752,15.683814303638643
EL CARMEN,54245,2015,5.0,Norte de Santander,12754,39.203387172651716
EL CARMEN,54245,2017,1.0,Norte de Santander,12843,7.786342754808066
EL CARMEN,54245,2018,1.0,Norte de Santander,13144,7.608034083992696
EL CARMEN DE ATRATO,27245,2018,1.0,Chocó,8193,12.205541315757355
EL CARMEN DE VIBORAL,5148,2011,1.0,Antioquia,53063,1.8845523245952924
EL CARMEN DE VIBORAL,5148,2012,1.0,Antioquia,53894,1.8554941180836455
EL CARMEN DE VIBORAL,5148,2013,1.0,Antioquia,54657,1.8295918180653898
EL CASTILLO,50251,2011,2.0,Meta,8058,24.82005460412013
EL CERRITO,76248,2014,1.0,Valle del Cauca,55656,1.796751473336208
EL CHARCO,52250,2010,1.0,Nariño,22976,4.352367688022285
EL CHARCO,52250,2018,1.0,Nariño,22505,4.443457009553432
EL DONCELLO,18247,2012,1.0,Caquetá,20224,4.9446202531645564
EL PASO,20250,2012,1.0,Cesar,30619,3.26594598125347
EL PAUJIL,18256,2015,3.0,Caquetá,17762,16.88998986600608
EL PLAYÓN,68255,2013,2.0,Santander,13473,14.844503822459735
EL RETORNO,95025,2011,1.0,Guaviare,11189,8.93734918223255
EL RETORNO,95025,2013,1.0,Guaviare,11708,8.541168431841475
EL ROSARIO,52256,2016,1.0,Nariño,12071,8.284317786430288
EL TAMBO,19256,2010,3.0,Cauca,52342,5.731534905047572
EL TAMBO,19256,2011,2.0,Cauca,52520,3.8080731150038076
EL TAMBO,19256,2012,2.0,Cauca,52675,3.7968675842429995
EL TAMBO,19256,2015,2.0,Cauca,53211,3.758621337693334
EL TAMBO,19256,2018,2.0,Cauca,53891,3.7111948191720323
EL TAMBO,19256,2021,2.0,Cauca,54198,3.690173069116941
EL TARRA,54250,2015,1.0,Norte de Santander,18246,5.48065329387263
EL TARRA,54250,2016,4.0,Norte de Santander,18627,21.474204112310087
EL TARRA,54250,2017,2.0,Norte de Santander,19220,10.40582726326743
EL ZULIA,54261,2011,3.0,Norte de Santander,23515,12.75781416117372
EL ZULIA,54261,2012,2.0,Norte de Santander,23849,8.3860958530756
EL ZULIA,54261,2013,1.0,Norte de Santander,24160,4.139072847682119
EL ZULIA,54261,2014,3.0,Norte de Santander,24378,12.306177701206005
EL ZULIA,54261,2015,1.0,Norte de Santander,24725,4.044489383215369
EL ZULIA,54261,2016,1.0,Norte de Santander,25164,3.973931012557622
EL ZULIA,54261,2017,1.0,Norte de Santander,25727,3.886966999650173
EL ZULIA,54261,2018,1.0,Norte de Santander,26700,3.7453183520599254
EL ZULIA,54261,2019,1.0,Norte de Santander,28240,3.5410764872521243
EL ÁGUILA,76243,2012,1.0,Valle del Cauca,9897,10.10407194099222
EL ÁGUILA,76243,2017,1.0,Valle del Cauca,9029,11.075423634954037
ENVIGADO,5266,2010,1.0,Antioquia,194733,0.513523645196243
ENVIGADO,5266,2011,1.0,Antioquia,198772,0.5030889662527921
ENVIGADO,5266,2015,1.0,Antioquia,214539,0.4661157178881229
ENVIGADO,5266,2017,2.0,Antioquia,223456,0.8950307890591436
ENVIGADO,5266,2019,1.0,Antioquia,236114,0.4235242298211881
ESPINAL,73268,2011,1.0,Tolima,69928,1.430042329252946
ESPINAL,73268,2013,3.0,Tolima,70045,4.282960953672639
ESPINAL,73268,2014,2.0,Tolima,70075,2.8540849090260436
FACATATIVÁ,25269,2011,1.0,Cundinamarca,100825,0.9918175055789734
FACATATIVÁ,25269,2021,1.0,Cundinamarca,162205,0.6165038069110076
FILANDIA,63272,2014,1.0,Quindio,11781,8.48824378236143
FILANDIA,63272,2017,1.0,Quindio,12008,8.327781479013991
FLANDES,73275,2014,5.0,Tolima,28260,17.692852087756545
FLORENCIA,19290,2017,1.0,Cauca,5176,19.319938176197837
FLORENCIA (CT),18001,2010,2.0,Caquetá,161863,1.2356128330748843
FLORENCIA (CT),18001,2011,4.0,Caquetá,162937,2.4549365705763577
FLORENCIA (CT),18001,2012,2.0,Caquetá,163885,1.2203679409341917
FLORENCIA (CT),18001,2013,1.0,Caquetá,164798,0.6068034806247649
FLORENCIA (CT),18001,2014,2.0,Caquetá,165639,1.2074451065268446
FLORENCIA (CT),18001,2015,3.0,Caquetá,166359,1.8033289452329
FLORENCIA (CT),18001,2017,1.0,Caquetá,167802,0.5959404536298732
FLORIDABLANCA,68276,2021,1.0,Santander,311365,0.321166476643168
FOMEQUE,25279,2011,1.0,Cundinamarca,10406,9.609840476648086
FONSECA,44279,2014,5.0,La Guajira,38238,13.075997698624406
FONSECA,44279,2019,1.0,La Guajira,43728,2.2868642517380167
FORTUL,81300,2010,1.0,Arauca,15054,6.642752756742395
FORTUL,81300,2011,2.0,Arauca,15383,13.001365143340049
FORTUL,81300,2014,4.0,Arauca,16432,24.342745861733203
FORTUL,81300,2015,2.0,Arauca,16818,11.892020454275182
FORTUL,81300,2016,3.0,Arauca,17303,17.338033866959485
FORTUL,81300,2017,1.0,Arauca,17916,5.581603036392052
FORTUL,81300,2018,4.0,Arauca,18938,21.121554546414615
FORTUL,81300,2019,1.0,Arauca,19659,5.0867287247571085
FORTUL,81300,2021,1.0,Arauca,20629,4.847544718600029
FRANCISCO PIZARRO,52520,2010,2.0,Nariño,12915,15.48586914440573
FRONTINO,5284,2010,1.0,Antioquia,21928,4.56037942356804
FRONTINO,5284,2013,1.0,Antioquia,21390,4.675081813931744
FUENTE DE ORO,50287,2010,1.0,Meta,10090,9.910802775024777
FUSAGASUGÁ,25290,2010,3.0,Cundinamarca,98226,3.054181174027243
FUSAGASUGÁ,25290,2011,1.0,Cundinamarca,101733,0.9829652128611169
FUSAGASUGÁ,25290,2012,1.0,Cundinamarca,105592,0.9470414425335253
FUSAGASUGÁ,25290,2013,1.0,Cundinamarca,109808,0.9106804604400408
FUSAGASUGÁ,25290,2015,5.0,Cundinamarca,119409,4.187289065313335
GALERAS,70235,2011,1.0,Sucre,19672,5.08336722244815
GAMARRA,20295,2012,1.0,Cesar,13444,7.438262421898244
GARZÓN,41298,2011,1.0,Huila,65965,1.5159554309103311
GARZÓN,41298,2016,1.0,Huila,70487,1.4187013208109298
GINEBRA,76306,2014,1.0,Valle del Cauca,22083,4.528370239550786
GIRARDOT,25307,2014,1.0,Cundinamarca,87063,1.1485935472014517
GIRÓN,68307,2011,8.0,Santander,136721,5.8513322752174135
GIRÓN,68307,2013,1.0,Santander,142982,0.6993887342462688
GIRÓN,68307,2014,1.0,Santander,146055,0.6846735818698435
GIRÓN,68307,2016,3.0,Santander,152478,1.967496950379727
GONZÁLEZ,20310,2013,1.0,Cesar,4742,21.08814846056516
GONZÁLEZ,20310,2014,1.0,Cesar,4623,21.630975556997623
GONZÁLEZ,20310,2021,1.0,Cesar,4663,21.44542140253056
GRANADA,5313,2018,1.0,Antioquia,10117,9.884353069091627
GRANADA,25312,2021,1.0,Cundinamarca,8246,12.12709192335678
GRANADA,50313,2012,1.0,Meta,62484,1.6004097048844503
GRANADA,50313,2013,1.0,Meta,63543,1.573737469115402
GRANADA,50313,2015,1.0,Meta,65696,1.5221626887481734
GRANADA,50313,2017,1.0,Meta,67735,1.4763416254521298
GRANADA,50313,2021,4.0,Meta,71174,5.6200297861578665
GUACARÍ,76318,2015,1.0,Valle del Cauca,32808,3.0480370641306997
GUACHENÉ,19300,2014,1.0,Cauca,21012,4.759185227489054
GUACHENÉ,19300,2017,1.0,Cauca,19934,5.016554630279924
GUACHENÉ,19300,2018,2.0,Cauca,19671,10.167251283615474
GUACHENÉ,19300,2021,1.0,Cauca,20180,4.955401387512389
GUACHUCAL,52317,2011,1.0,Nariño,18263,5.47555166182993
GUACHUCAL,52317,2012,1.0,Nariño,18471,5.413892046992583
GUADALAJARA DE BUGA,76111,2011,2.0,Valle del Cauca,126742,1.5780088684098403
GUADALAJARA DE BUGA,76111,2016,1.0,Valle del Cauca,126591,0.7899455727500376
GUADALAJARA DE BUGA,76111,2017,1.0,Valle del Cauca,126669,0.7894591415421295
GUAITARILLA,52320,2012,3.0,Nariño,12262,24.465829391616374
GUAMAL,50318,2013,1.0,Meta,13138,7.611508601004719
GUAMO,73319,2011,1.0,Tolima,33820,2.9568302779420463
GUAMO,73319,2013,1.0,Tolima,33539,2.981603506365724
GUAMO,73319,2014,4.0,Tolima,33397,11.977123693744947
GUAMO,73319,2016,1.0,Tolima,33103,3.020874241005347
GUAPI,19318,2011,1.0,Cauca,27443,3.6439164814342453
GUAPI,19318,2020,2.0,Cauca,27696,7.221259387637203
GUARNE,5318,2012,2.0,Antioquia,49356,4.052192235999676
GUARNE,5318,2017,1.0,Antioquia,53835,1.8575276307235071
GUARNE,5318,2021,4.0,Antioquia,59073,6.771282988844312
GUAYATÁ,15325,2012,1.0,Boyacá,4001,24.993751562109473
GÓMEZ PLATA,5310,2011,1.0,Antioquia,9616,10.399334442595674
GÜEPSA,68327,2014,1.0,Santander,4962,20.153164046755343
HACARÍ,54344,2016,1.0,Norte de Santander,9609,10.406910188365075
HACARÍ,54344,2019,3.0,Norte de Santander,10342,29.007928833881262
HATO COROZAL,85125,2010,1.0,Casanare,11240,8.896797153024911
HATO COROZAL,85125,2015,2.0,Casanare,11866,16.854879487611665
HATO COROZAL,85125,2020,1.0,Casanare,12108,8.259002312520646
HATONUEVO,44378,2015,1.0,La Guajira,18294,5.466273095003826
HELICONIA,5347,2014,1.0,Antioquia,5710,17.513134851138354
HOBO,41349,2014,1.0,Huila,7093,14.098406880022559
IBAGUÉ (CT),73001,2010,3.0,Tolima,496428,0.6043172423795595
IBAGUÉ (CT),73001,2011,3.0,Tolima,500754,0.5990965623839251
IBAGUÉ (CT),73001,2012,3.0,Tolima,504843,0.5942441511519423
IBAGUÉ (CT),73001,2013,1.0,Tolima,508870,0.19651384440033803
IBAGUÉ (CT),73001,2014,5.0,Tolima,512749,0.9751359827127892
IBAGUÉ (CT),73001,2015,8.0,Tolima,516759,1.5481104344578422
IBAGUÉ (CT),73001,2020,1.0,Tolima,541101,0.1848083814297146
ICONONZO,73352,2014,2.0,Tolima,11784,16.972165648336727
INZÁ,19355,2013,1.0,Cauca,27089,3.6915353095352357
INZÁ,19355,2017,3.0,Cauca,28509,10.52299273913501
IPIALES,52356,2010,2.0,Nariño,110004,1.8181157048834586
IPIALES,52356,2011,2.0,Nariño,110890,1.8035891423933628
IPIALES,52356,2012,5.0,Nariño,111737,4.474793488280516
IPIALES,52356,2013,1.0,Nariño,112485,0.8890074232119839
IPIALES,52356,2015,2.0,Nariño,113934,1.7554022504256852
IPIALES,52356,2017,2.0,Nariño,115348,1.7338835523806222
IPIALES,52356,2018,4.0,Nariño,116136,3.4442377901770334
IPIALES,52356,2021,2.0,Nariño,115810,1.7269665831966152
IQUIRA,41357,2021,2.0,Huila,9422,21.226915729144554
ISNOS,41359,2010,2.0,Huila,22643,8.832751843836947
ISNOS,41359,2014,1.0,Huila,23910,4.182350480970306
ISTMINA,27361,2014,1.0,Chocó,32235,3.102218085931441
ITAGUI,5360,2011,1.0,Antioquia,246219,0.4061424991572543
ITAGUI,5360,2012,1.0,Antioquia,250184,0.39970581651904197
ITAGUI,5360,2013,1.0,Antioquia,254022,0.3936666902866681
ITAGUI,5360,2016,3.0,Antioquia,266257,1.1267309404072006
ITUANGO,5361,2018,1.0,Antioquia,27074,3.693580556991948
ITUANGO,5361,2019,1.0,Antioquia,27419,3.6471060213720414
JAMUNDÍ,76364,2014,2.0,Valle del Cauca,148122,1.3502383170629617
JAMUNDÍ,76364,2017,3.0,Valle del Cauca,156313,1.9192261680090585
JAMUNDÍ,76364,2018,2.0,Valle del Cauca,159877,1.2509616767890315
JAMUNDÍ,76364,2019,3.0,Valle del Cauca,164159,1.8274965125274887
JARDÍN,5364,2020,1.0,Antioquia,14830,6.743088334457181
JENESANO,15367,2014,1.0,Boyacá,6980,14.326647564469914
LA CEJA,5376,2018,1.0,Antioquia,64889,1.5410932515526514
LA CRUZ,52378,2012,2.0,Nariño,19220,10.40582726326743
LA CUMBRE,76377,2010,5.0,Valle del Cauca,15412,32.44225279003374
LA DORADA,17380,2017,1.0,Caldas,71169,1.4051061557700684
LA ESPERANZA,54385,2015,1.0,Norte de Santander,10140,9.861932938856015
LA GLORIA,20383,2011,1.0,Cesar,14398,6.945409084595083
LA GLORIA,20383,2014,1.0,Cesar,15308,6.532532009406846
LA JAGUA DE IBIRICO,20400,2014,1.0,Cesar,41521,2.408419835745767
LA LLANADA,52385,2017,1.0,Nariño,6517,15.344483658124904
LA MERCED,17388,2017,1.0,Caldas,6149,16.26280696048138
LA MONTAÑITA,18410,2012,1.0,Caquetá,14639,6.831067695880866
LA MONTAÑITA,18410,2017,1.0,Caquetá,14730,6.788866259334691
LA PALMA,25394,2016,1.0,Cundinamarca,9251,10.809642200843152
LA PAZ,68397,2013,1.0,Santander,5254,19.03311762466692
LA PLATA,41396,2018,1.0,Huila,61026,1.6386458230917968
LA PLATA,41396,2019,1.0,Huila,61735,1.6198266785453959
LA PLAYA,54398,2014,3.0,Norte de Santander,7263,41.30524576621231
LA PRIMAVERA,99524,2012,1.0,Vichada,9426,10.608953957139825
LA UNIÓN,5400,2014,1.0,Antioquia,20405,4.90075961774075
LA UNIÓN,52399,2010,1.0,Nariño,30297,3.300656830709311
LA UNIÓN,52399,2015,1.0,Nariño,31341,3.1907086563925846
LA UNIÓN,52399,2019,1.0,Nariño,31803,3.1443574505549794
LA VEGA,19397,2010,1.0,Cauca,23396,4.274234911950761
LA VEGA,19397,2013,1.0,Cauca,23804,4.200974626113259
LA VEGA,19397,2017,1.0,Cauca,24365,4.104247896572953
LA VICTORIA,76403,2011,1.0,Valle del Cauca,13386,7.470491558344539
LEBRIJA,68406,2015,1.0,Santander,39610,2.5246149962130775
LEBRIJA,68406,2020,1.0,Santander,44169,2.2640313341936653
LEIVA,52405,2015,1.0,Nariño,9877,10.124531740407006
LEIVA,52405,2016,1.0,Nariño,9796,10.208248264597795
LEJANÍAS,50400,2015,1.0,Meta,11140,8.976660682226212
LLORÓ,27413,2011,2.0,Chocó,9669,20.68466232288758
LLORÓ,27413,2012,1.0,Chocó,9707,10.301844030081384
LOS ANDES,52418,2011,1.0,Nariño,10313,9.69649956365752
LOS PATIOS,54405,2012,1.0,Norte de Santander,76886,1.3006269021668444
LOS PATIOS,54405,2013,1.0,Norte de Santander,78495,1.27396649468119
LOS PATIOS,54405,2020,1.0,Norte de Santander,97220,1.0285949393128986
LÉRIDA,73408,2011,1.0,Tolima,18056,5.538325210456358
LÍBANO,73411,2013,1.0,Tolima,38169,2.6199271660247847
LÍBANO,73411,2015,3.0,Tolima,37604,7.9778746941814696
MACANAL,15425,2012,1.0,Boyacá,4846,20.63557573256294
MADRID,25430,2013,1.0,Cundinamarca,85489,1.16974113628654
MADRID,25430,2016,1.0,Cundinamarca,99781,1.002194806626512
MAGÜI,52427,2017,1.0,Nariño,24238,4.125752949913359
MAHATES,13433,2012,3.0,Bolívar,25918,11.574967204259588
MAICAO,44430,2010,2.0,La Guajira,138504,1.4440016172818113
MAICAO,44430,2011,2.0,La Guajira,141759,1.4108451667971698
MAICAO,44430,2012,4.0,La Guajira,145050,2.757669769045157
MAICAO,44430,2013,1.0,La Guajira,148351,0.6740770200403098
MAICAO,44430,2014,2.0,La Guajira,151637,1.318939309007696
MAICAO,44430,2016,1.0,La Guajira,159010,0.6288912647003333
MAICAO,44430,2017,2.0,La Guajira,163731,1.2215157789300743
MAICAO,44430,2018,3.0,La Guajira,170582,1.758684972623137
MAICAO,44430,2019,2.0,La Guajira,178832,1.1183680773016014
MAICAO,44430,2020,1.0,La Guajira,185072,0.5403302498487075
MALAMBO,8433,2020,2.0,Atlántico,139566,1.4330137712623419
MALLAMA,52435,2010,2.0,Nariño,8498,23.53494939985879
MALLAMA,52435,2011,3.0,Nariño,8580,34.96503496503497
MANIZALES (CT),17001,2010,2.0,Caldas,408785,0.48925474271316216
MANIZALES (CT),17001,2011,2.0,Caldas,411019,0.4865955101832275
MANIZALES (CT),17001,2012,2.0,Caldas,413420,0.48376953219486235
MANIZALES (CT),17001,2016,1.0,Caldas,425208,0.23517901826870613
MANTA,25436,2011,1.0,Cundinamarca,3797,26.336581511719782
MANÍ,85139,2011,1.0,Casanare,15492,6.454944487477407
MANÍ,85139,2013,1.0,Casanare,15943,6.272345229881452
MAPIRIPÁN,50325,2014,1.0,Meta,6916,14.459224985540773
MAPIRIPÁN,50325,2015,5.0,Meta,6976,71.67431192660551
MARINILLA,5440,2015,1.0,Antioquia,61201,1.6339602294080164
MARINILLA,5440,2018,1.0,Antioquia,64645,1.5469100471807564
MARINILLA,5440,2021,1.0,Antioquia,68960,1.4501160092807424
MEDELLÍN (CT),5001,2010,8.0,Antioquia,2185539,0.3660424270626148
MEDELLÍN (CT),5001,2011,11.0,Antioquia,2213549,0.49693953013915665
MEDELLÍN (CT),5001,2012,10.0,Antioquia,2240690,0.4462910978314716
MEDELLÍN (CT),5001,2013,7.0,Antioquia,2266969,0.3087823432962692
MEDELLÍN (CT),5001,2014,7.0,Antioquia,2293601,0.30519693704353984
MEDELLÍN (CT),5001,2015,13.0,Antioquia,2320791,0.5601538440988438
MEDELLÍN (CT),5001,2016,24.0,Antioquia,2351077,1.0208087612613284
MEDELLÍN (CT),5001,2017,6.0,Antioquia,2385018,0.25157042839928256
MEDELLÍN (CT),5001,2018,5.0,Antioquia,2427129,0.2060047076195785
MEDELLÍN (CT),5001,2019,2.0,Antioquia,2483545,0.08053004878107706
MEDELLÍN (CT),5001,2020,9.0,Antioquia,2533424,0.35525044366833186
MEDELLÍN (CT),5001,2021,8.0,Antioquia,2573220,0.3108945212612991
MEDINA,25438,2010,1.0,Cundinamarca,8208,12.183235867446394
MEDINA,25438,2012,2.0,Cundinamarca,8039,24.878716258241074
MEDINA,25438,2017,1.0,Cundinamarca,7928,12.613521695257315
MEDIO ATRATO,27425,2013,1.0,Chocó,8073,12.38696890870804
MEDIO ATRATO,27425,2018,6.0,Chocó,10672,56.22188905547226
MEDIO SAN JUAN,27450,2018,1.0,Chocó,10579,9.452689290103034
MELGAR,73449,2012,1.0,Tolima,34057,2.9362539272396275
MELGAR,73449,2014,1.0,Tolima,34837,2.8705112380514968
MELGAR,73449,2017,1.0,Tolima,36193,2.7629652142679526
MERCADERES,19450,2011,1.0,Cauca,21297,4.695497018359394
MERCADERES,19450,2012,1.0,Cauca,21499,4.651379133913205
MERCADERES,19450,2013,2.0,Cauca,21683,9.223815892634782
MERCADERES,19450,2015,1.0,Cauca,21984,4.548762736535663
MESETAS,50330,2011,3.0,Meta,10853,27.642126600939832
MESETAS,50330,2013,2.0,Meta,10952,18.261504747991236
MESETAS,50330,2015,1.0,Meta,10993,9.096697898662786
MESETAS,50330,2021,2.0,Meta,10516,19.01863826550019
MILÁN,18460,2011,1.0,Caquetá,9460,10.570824524312895
MILÁN,18460,2012,1.0,Caquetá,9555,10.465724751439037
MILÁN,18460,2017,2.0,Caquetá,9680,20.661157024793386
MIRAFLORES,95200,2017,1.0,Guaviare,6603,15.144631228229592
MIRANDA,19455,2013,1.0,Cauca,30029,3.330114222917846
MIRANDA,19455,2014,2.0,Cauca,30244,6.612881893929374
MIRANDA,19455,2018,1.0,Cauca,31360,3.188775510204082
MITÚ (CT),97001,2017,1.0,Vaupés,29067,3.4403275191798257
MITÚ (CT),97001,2019,1.0,Vaupés,31302,3.1946840457478753
MOCOA (CT),86001,2011,3.0,Putumayo,46891,6.397816212066282
MOCOA (CT),86001,2014,1.0,Putumayo,50761,1.9700163511357145
MOCOA (CT),86001,2015,1.0,Putumayo,52078,1.9201966281347211
MOCOA (CT),86001,2017,2.0,Putumayo,54898,3.643119967940544
MOCOA (CT),86001,2018,2.0,Putumayo,56398,3.5462250434412566
MONIQUIRÁ,15469,2016,1.0,Boyacá,22302,4.4839027889875345
MONIQUIRÁ,15469,2018,1.0,Boyacá,22572,4.430267588162325
MONTECRISTO,13458,2010,1.0,Bolívar,13102,7.632422530911312
MONTELÍBANO,23466,2011,1.0,Córdoba,71803,1.3926994693815022
MONTELÍBANO,23466,2014,1.0,Córdoba,75933,1.3169504694928424
MONTELÍBANO,23466,2019,1.0,Córdoba,83908,1.1917814749487534
MONTERÍA (CT),23001,2010,2.0,Córdoba,446519,0.44790927149796533
MONTERÍA (CT),23001,2011,3.0,Córdoba,452158,0.6634848880258671
MONTERÍA (CT),23001,2012,1.0,Córdoba,457571,0.21854531865000187
MONTERÍA (CT),23001,2016,2.0,Córdoba,478806,0.4177057096193448
MONTERÍA (CT),23001,2017,2.0,Córdoba,484400,0.4128819157720892
MONTERÍA (CT),23001,2020,1.0,Córdoba,505334,0.19788892099086938
MORELIA,18479,2010,1.0,Caquetá,3655,27.359781121751027
MORROA,70473,2014,1.0,Sucre,14211,7.036802476954472
MOSQUERA,25473,2014,1.0,Cundinamarca,101605,0.9842035332906846
MURILLO,73461,2010,1.0,Tolima,3896,25.66735112936345
NARIÑO,52480,2011,1.0,Nariño,4526,22.09456473707468
NECOCLÍ,5490,2015,4.0,Antioquia,40508,9.874592673052236
NEIVA (CT),41001,2010,1.0,Huila,326219,0.3065425373751989
NEIVA (CT),41001,2011,2.0,Huila,330022,0.6060202047136252
NEIVA (CT),41001,2015,1.0,Huila,345066,0.28979963253406593
NEIVA (CT),41001,2018,1.0,Huila,357392,0.27980480816582354
NEIVA (CT),41001,2019,1.0,Huila,361049,0.27697071588620936
NEIVA (CT),41001,2020,1.0,Huila,364408,0.2744176856710061
NOROSÍ,13490,2013,6.0,Bolívar,6521,92.01042784848948
NUNCHÍA,85225,2010,1.0,Casanare,7904,12.651821862348179
NÓVITA,27491,2012,1.0,Chocó,8507,11.755025273304337
NÓVITA,27491,2016,1.0,Chocó,9020,11.086474501108647
OBANDO,76497,2016,1.0,Valle del Cauca,12560,7.961783439490445
OCAÑA,54498,2012,2.0,Norte de Santander,110137,1.8159201721492324
OCAÑA,54498,2013,2.0,Norte de Santander,110817,1.8047772453684905
OCAÑA,54498,2014,5.0,Norte de Santander,111409,4.487967758439623
OCAÑA,54498,2015,2.0,Norte de Santander,111985,1.7859534759119524
OCAÑA,54498,2016,1.0,Norte de Santander,113120,0.884016973125884
OCAÑA,54498,2017,4.0,Norte de Santander,114809,3.4840474178853578
OCAÑA,54498,2018,7.0,Norte de Santander,118273,5.918510564541358
OCAÑA,54498,2019,1.0,Norte de Santander,124603,0.8025488952914456
OCAÑA,54498,2020,1.0,Norte de Santander,129308,0.7733473566987349
OLAYA,5501,2010,1.0,Antioquia,3130,31.94888178913738
OPORAPA,41503,2012,1.0,Huila,10688,9.3562874251497
ORITO,86320,2011,1.0,Putumayo,32839,3.045159718627242
ORITO,86320,2013,2.0,Putumayo,34204,5.8472693252251196
ORITO,86320,2016,2.0,Putumayo,36224,5.521201413427562
ORITO,86320,2017,3.0,Putumayo,36979,8.1127126206766
OROCUÉ,85230,2010,1.0,Casanare,10131,9.870693909781858
OROCUÉ,85230,2011,1.0,Casanare,10392,9.622786759045418
OROCUÉ,85230,2020,1.0,Casanare,12652,7.903888713246918
PADILLA,19513,2013,1.0,Cauca,9830,10.17293997965412
PADILLA,19513,2018,1.0,Cauca,9937,10.063399416322834
PADILLA,19513,2020,1.0,Cauca,9992,10.008006405124098
PAEZ,19517,2013,1.0,Cauca,40838,2.4486997404378275
PAEZ,19517,2019,1.0,Cauca,46278,2.160853969488742
PAEZ,19517,2021,2.0,Cauca,47124,4.244121891180715
PAICOL,41518,2017,1.0,Huila,6480,15.432098765432098
PAILITAS,20517,2011,1.0,Cesar,16659,6.002761270184284
PAILITAS,20517,2012,1.0,Cesar,16887,5.921714928643335
PAILITAS,20517,2014,1.0,Cesar,17263,5.7927359091699016
PAILITAS,20517,2019,1.0,Cesar,19183,5.21294896522963
PAILITAS,20517,2020,2.0,Cesar,19705,10.14970819588937
PAILITAS,20517,2021,1.0,Cesar,20114,4.971661529283086
PAJARITO,15518,2011,1.0,Boyacá,2493,40.11231448054553
PALERMO,41524,2011,2.0,Huila,24135,8.286720530350113
PALERMO,41524,2012,1.0,Huila,24396,4.099032628299722
PALERMO,41524,2021,1.0,Huila,27107,3.6890840004426897
PALESTINA,17524,2011,1.0,Caldas,16473,6.07053967097675
PALESTINA,41530,2012,1.0,Huila,10175,9.828009828009828
PALESTINA,41530,2014,1.0,Huila,10453,9.566631589017506
PALMIRA,76520,2011,1.0,Valle del Cauca,336520,0.2971591584452633
PALMIRA,76520,2012,1.0,Valle del Cauca,338121,0.29575211240946286
PALMIRA,76520,2013,4.0,Valle del Cauca,339398,1.178557327974826
PALMIRA,76520,2014,1.0,Valle del Cauca,340670,0.2935392021604485
PALMIRA,76520,2015,1.0,Valle del Cauca,342079,0.29233013426723065
PALMIRA,76520,2016,1.0,Valle del Cauca,343835,0.2908371748076839
PALMIRA,76520,2019,1.0,Valle del Cauca,352016,0.2840779964547066
PALMIRA,76520,2021,9.0,Valle del Cauca,356259,2.5262519683713256
PAMPLONA,54518,2016,1.0,Norte de Santander,48509,2.0614731286977674
PAMPLONITA,54520,2016,1.0,Norte de Santander,5191,19.264110961279137
PANQUEBA,15522,2014,1.0,Boyacá,1858,53.821313240043054
PARATEBUENO,25530,2015,1.0,Cundinamarca,7303,13.693002875530603
PASTO (CT),52001,2010,3.0,Nariño,378072,0.7934996508601536
PASTO (CT),52001,2011,7.0,Nariño,380245,1.8409183552709438
PASTO (CT),52001,2013,2.0,Nariño,384087,0.5207153587598643
PASTO (CT),52001,2014,1.0,Nariño,385710,0.25926213994970315
PATÍA,19532,2010,1.0,Cauca,36477,2.7414535186555913
PAZ DE ARIPORO,85250,2010,1.0,Casanare,31359,3.188877196339169
PAZ DE ARIPORO,85250,2012,3.0,Casanare,32512,9.22736220472441
PAZ DE ARIPORO,85250,2013,1.0,Casanare,33080,3.022974607013301
PAZ DE ARIPORO,85250,2015,1.0,Casanare,34214,2.9227801484772313
PELAYA,20550,2013,1.0,Cesar,18431,5.425641582117086
PELAYA,20550,2014,1.0,Cesar,18750,5.333333333333333
PELAYA,20550,2015,1.0,Cesar,19086,5.239442523315519
PELAYA,20550,2016,1.0,Cesar,19536,5.118755118755119
PELAYA,20550,2021,1.0,Cesar,22754,4.394831677946735
PEREIRA (CT),66001,2010,3.0,Risaralda,442493,0.6779768267520616
PEREIRA (CT),66001,2011,3.0,Risaralda,445438,0.6734944032615089
PEREIRA (CT),66001,2012,2.0,Risaralda,448174,0.4462552490773673
PEREIRA (CT),66001,2013,4.0,Risaralda,450422,0.8880560896226205
PEREIRA (CT),66001,2014,1.0,Risaralda,452676,0.22090855269552617
PEREIRA (CT),66001,2015,6.0,Risaralda,455559,1.3170632124488815
PEREIRA (CT),66001,2016,2.0,Risaralda,459033,0.4356985227641586
PEREIRA (CT),66001,2017,4.0,Risaralda,462668,0.8645508226201077
PEREIRA (CT),66001,2018,3.0,Risaralda,467269,0.6420284675422508
PIAMONTE,19533,2010,2.0,Cauca,6928,28.868360277136258
PIAMONTE,19533,2012,1.0,Cauca,7401,13.511687609782461
PIAMONTE,19533,2013,3.0,Cauca,7629,39.32363350373574
PIEDECUESTA,68547,2010,1.0,Santander,140607,0.7112021449856692
PIEDECUESTA,68547,2019,1.0,Santander,177586,0.5631074521640219
PIENDAMÓ,19548,2010,3.0,Cauca,37360,8.029978586723768
PIENDAMÓ,19548,2013,3.0,Cauca,38635,7.7649799404684865
PIENDAMÓ,19548,2014,1.0,Cauca,39070,2.5595085743537243
PIENDAMÓ,19548,2015,1.0,Cauca,39517,2.530556469367614
PIENDAMÓ,19548,2016,1.0,Cauca,39927,2.50457084178626
PIENDAMÓ,19548,2019,5.0,Cauca,41362,12.088390309946329
PITAL,41548,2017,1.0,Huila,13647,7.327617791455998
PITALITO,41551,2010,1.0,Huila,107467,0.9305182055886924
PITALITO,41551,2011,2.0,Huila,109564,1.8254171078091346
PITALITO,41551,2012,2.0,Huila,111616,1.7918577981651378
PITALITO,41551,2013,1.0,Huila,113663,0.8797937763388262
PITALITO,41551,2015,1.0,Huila,117876,0.8483491126268282
PITALITO,41551,2016,1.0,Huila,120010,0.8332638946754437
PITALITO,41551,2021,1.0,Huila,129710,0.7709505820676895
PLANADAS,73555,2015,1.0,Tolima,25525,3.917727717923604
PLANADAS,73555,2019,1.0,Tolima,25785,3.8782237735117313
PLANETA RICA,23555,2011,1.0,Córdoba,62288,1.605445671718469
PLATO,47555,2010,1.0,Magdalena,54008,1.8515775440675455
POLICARPA,52540,2011,1.0,Nariño,9748,10.258514567090685
POLICARPA,52540,2015,1.0,Nariño,9847,10.155377272265666
PONEDERA,8560,2013,1.0,Atlántico,21879,4.570592805886923
PONEDERA,8560,2019,1.0,Atlántico,24877,4.01977730433734
POPAYÁN (CT),19001,2010,3.0,Cauca,289412,1.0365845231020137
POPAYÁN (CT),19001,2011,5.0,Cauca,292988,1.7065545346567095
POPAYÁN (CT),19001,2012,7.0,Cauca,296431,2.3614264365063034
POPAYÁN (CT),19001,2013,1.0,Cauca,299819,0.33353456585473235
POPAYÁN (CT),19001,2014,3.0,Cauca,303267,0.9892273145446092
POPAYÁN (CT),19001,2015,2.0,Cauca,306782,0.6519287311511105
POPAYÁN (CT),19001,2016,5.0,Cauca,310409,1.6107780380079184
POPAYÁN (CT),19001,2017,1.0,Cauca,314054,0.3184165780407191
POPAYÁN (CT),19001,2019,1.0,Cauca,321991,0.31056768667447227
POPAYÁN (CT),19001,2021,2.0,Cauca,328139,0.6094978042841601
PORE,85263,2017,1.0,Casanare,11736,8.520790729379687
PORE,85263,2018,1.0,Casanare,11967,8.356313194618535
POTOSÍ,52560,2018,1.0,Nariño,10414,9.602458229306702
PRADERA,76563,2011,2.0,Valle del Cauca,46914,4.263119751033806
PRADERA,76563,2013,3.0,Valle del Cauca,47047,6.376602121282972
PRADO,73563,2012,2.0,Tolima,8839,22.626994003846587
PROVIDENCIA,52565,2019,1.0,Nariño,5562,17.979144192736424
PUEBLO RICO,66572,2016,3.0,Risaralda,15779,19.012611699093732
PUEBLO RICO,66572,2017,1.0,Risaralda,15943,6.272345229881452
PUERTO ASÍS,86568,2010,2.0,Putumayo,55466,3.6058125698626182
PUERTO ASÍS,86568,2011,3.0,Putumayo,56632,5.2973583839525356
PUERTO ASÍS,86568,2014,1.0,Putumayo,59952,1.6680010675206831
PUERTO ASÍS,86568,2015,1.0,Putumayo,61084,1.637089908977801
PUERTO ASÍS,86568,2017,1.0,Putumayo,63570,1.5730690577316344
PUERTO ASÍS,86568,2018,1.0,Putumayo,64867,1.5416159218092405
PUERTO BERRÍO,5579,2010,1.0,Antioquia,36286,2.7558838119384887
PUERTO BERRÍO,5579,2011,2.0,Antioquia,36620,5.461496450027307
PUERTO BERRÍO,5579,2014,1.0,Antioquia,37588,2.660423539427477
PUERTO BERRÍO,5579,2016,1.0,Antioquia,38302,2.6108297216855516
PUERTO BERRÍO,5579,2017,1.0,Antioquia,38721,2.582577929289016
PUERTO BERRÍO,5579,2018,1.0,Antioquia,39314,2.543623136796052
PUERTO BOYACÁ,15572,2018,1.0,Boyacá,46736,2.139678192399863
PUERTO CAICEDO,86569,2010,2.0,Putumayo,14297,13.988948730502903
PUERTO CAICEDO,86569,2013,1.0,Putumayo,15024,6.656017039403621
PUERTO CAICEDO,86569,2015,2.0,Putumayo,15418,12.971851083149565
PUERTO CARREÑO (CT),99001,2017,1.0,Vichada,20646,4.843553230650005
PUERTO CONCORDIA,50450,2010,1.0,Meta,7947,12.58336479174531
PUERTO CONCORDIA,50450,2014,1.0,Meta,8161,12.253400318588408
PUERTO CONCORDIA,50450,2017,1.0,Meta,8362,11.95886151638364
PUERTO GAITÁN,50568,2012,3.0,Meta,34807,8.618955957135059
PUERTO GUZMÁN,86571,2010,3.0,Putumayo,29320,10.231923601637106
PUERTO GUZMÁN,86571,2013,1.0,Putumayo,31517,3.172890820826855
PUERTO GUZMÁN,86571,2017,1.0,Putumayo,34487,2.8996433438687044
PUERTO LLERAS,50577,2010,2.0,Meta,9517,21.015025743406536
PUERTO LÓPEZ,50573,2012,1.0,Meta,28028,3.5678607107178535
PUERTO LÓPEZ,50573,2015,1.0,Meta,29251,3.41868654063109
PUERTO LÓPEZ,50573,2017,1.0,Meta,30016,3.331556503198294
PUERTO LÓPEZ,50573,2020,1.0,Meta,30312,3.2990234890472423
PUERTO RICO,18592,2011,1.0,Caquetá,28334,3.529328721677137
PUERTO RICO,18592,2013,1.0,Caquetá,27846,3.591180061768297
PUERTO RICO,18592,2015,1.0,Caquetá,27333,3.6585812022097834
PUERTO RICO,18592,2016,1.0,Caquetá,27085,3.692080487354624
PUERTO RONDÓN,81591,2021,1.0,Arauca,5036,19.857029388403493
PUERTO SALGAR,25572,2016,1.0,Cundinamarca,14320,6.983240223463687
PUERTO SALGAR,25572,2020,1.0,Cundinamarca,16671,5.998440405494571
PUERTO SANTANDER,54553,2010,1.0,Norte de Santander,7137,14.011489421325487
PUERTO SANTANDER,54553,2014,1.0,Norte de Santander,7677,13.025921583952066
PUERTO SANTANDER,54553,2020,1.0,Norte de Santander,9262,10.796804145972793
PUERTO TEJADA,19573,2021,1.0,Cauca,42126,2.3738308882875185
PUERTO WILCHES,68575,2016,1.0,Santander,31762,3.1484163465776716
PUERTO WILCHES,68575,2018,1.0,Santander,32791,3.0496172730322346
PUPIALES,52585,2010,1.0,Nariño,17543,5.700279313686371
PUPIALES,52585,2011,1.0,Nariño,17541,5.700929251467989
PUPIALES,52585,2015,1.0,Nariño,17557,5.695733895312411
PUPIALES,52585,2017,1.0,Nariño,17463,5.726392945083892
PUPIALES,52585,2018,1.0,Nariño,17491,5.717226001943857
PURACÉ,19585,2013,2.0,Cauca,15988,12.509382036527395
PURACÉ,19585,2016,4.0,Cauca,16756,23.872045834328002
PURACÉ,19585,2018,2.0,Cauca,17272,11.579434923575729
PÁEZ,15514,2013,1.0,Boyacá,3480,28.735632183908045
QUIBDÓ (CT),27001,2010,2.0,Chocó,118339,1.6900599126239024
QUIBDÓ (CT),27001,2011,1.0,Chocó,119989,0.833409729225179
QUIBDÓ (CT),27001,2012,1.0,Chocó,121657,0.8219831164667878
QUIBDÓ (CT),27001,2013,5.0,Chocó,123177,4.05919936351754
QUIBDÓ (CT),27001,2014,5.0,Chocó,124568,4.013871941429581
QUIBDÓ (CT),27001,2015,1.0,Chocó,125909,0.7942244001620219
QUIBDÓ (CT),27001,2016,1.0,Chocó,127119,0.7866644640061674
QUIBDÓ (CT),27001,2017,1.0,Chocó,128214,0.7799460277348806
QUIBDÓ (CT),27001,2020,1.0,Chocó,130825,0.764379896808714
QUIBDÓ (CT),27001,2021,1.0,Chocó,131886,0.7582305930879699
QUIMBAYA,63594,2013,1.0,Quindio,30928,3.2333160889808585
QUIMBAYA,63594,2017,1.0,Quindio,30654,3.262217002675018
RAMIRIQUÍ,15599,2012,1.0,Boyacá,9611,10.404744563520966
REMEDIOS,5604,2019,1.0,Antioquia,29061,3.4410378170056086
RESTREPO,50606,2015,1.0,Meta,17331,5.770007501009752
RESTREPO,76606,2014,1.0,Valle del Cauca,15266,6.5505043888379415
RICAURTE,52612,2011,3.0,Nariño,17320,17.321016166281755
RICAURTE,52612,2015,1.0,Nariño,18679,5.35360565340757
RIOBLANCO,73616,2013,1.0,Tolima,23119,4.325446602361693
RIOBLANCO,73616,2014,1.0,Tolima,23022,4.343671270958214
RIOFRÍO,76616,2013,2.0,Valle del Cauca,15930,12.554927809165097
RIOFRÍO,76616,2014,1.0,Valle del Cauca,15814,6.32351081320349
RIOFRÍO,76616,2016,1.0,Valle del Cauca,15614,6.40450877417702
RIOHACHA (CT),44001,2010,2.0,La Guajira,150847,1.3258467188608325
RIOHACHA (CT),44001,2012,5.0,La Guajira,158325,3.158060950576346
RIOHACHA (CT),44001,2014,3.0,La Guajira,166070,1.8064671524056122
RIOHACHA (CT),44001,2015,3.0,La Guajira,170031,1.7643841417153343
RIOHACHA (CT),44001,2016,1.0,La Guajira,174676,0.5724884929812911
RIOHACHA (CT),44001,2018,2.0,La Guajira,188014,1.0637505717659324
RIOHACHA (CT),44001,2020,1.0,La Guajira,201839,0.49544438884457415
RIOHACHA (CT),44001,2021,1.0,La Guajira,206435,0.48441398018746823
RIONEGRO,5615,2010,1.0,Antioquia,116574,0.8578242146619315
RIONEGRO,5615,2012,1.0,Antioquia,120936,0.8268836409340478
RIONEGRO,5615,2014,1.0,Antioquia,125195,0.7987539438475978
RIONEGRO,5615,2018,1.0,Antioquia,135465,0.738198058539106
RIONEGRO,5615,2021,6.0,Antioquia,145242,4.131036477052093
RIONEGRO,68615,2021,1.0,Santander,27361,3.654837177003764
RIOSUCIO,17614,2011,1.0,Caldas,45694,2.188471134065742
RISARALDA,17616,2011,1.0,Caldas,11992,8.338892595063374
RISARALDA,17616,2018,1.0,Caldas,10815,9.246417013407305
RIVERA,41615,2016,1.0,Huila,23537,4.248629816884055
ROBERTO PAYÁN,52621,2017,1.0,Nariño,12624,7.921419518377693
ROLDANILLO,76622,2010,1.0,Valle del Cauca,37223,2.6865110281277707
ROLDANILLO,76622,2018,1.0,Valle del Cauca,36797,2.7176128488735496
ROSAS,19622,2012,1.0,Cauca,11409,8.765010079761591
ROVIRA,73624,2012,1.0,Tolima,22229,4.498627918484862
ROVIRA,73624,2014,7.0,Tolima,21989,31.834098867615626
RÍO DE ORO,20614,2010,1.0,Cesar,14481,6.905600441958429
RÍO DE ORO,20614,2016,1.0,Cesar,15924,6.279829188646069
RÍO DE ORO,20614,2017,2.0,Cesar,16303,12.267680794945715
RÍO DE ORO,20614,2020,1.0,Cesar,17793,5.620187714269657
RÍO DE ORO,20614,2021,1.0,Cesar,18163,5.505698397841766
RÍO IRO,27580,2011,1.0,Chocó,7220,13.850415512465375
RÍO QUITO,27600,2017,1.0,Chocó,7869,12.708095056551024
RÍO VIEJO,13600,2014,1.0,Bolívar,10831,9.232757824762256
SABANA DE TORRES,68655,2010,2.0,Santander,29793,6.712986271943074
SABANA DE TORRES,68655,2015,1.0,Santander,31506,3.1739986034406145
SABANA DE TORRES,68655,2019,1.0,Santander,33887,2.950984153215097
SABANALARGA,5628,2011,1.0,Antioquia,8737,11.445576284765938
SABANETA,5631,2011,1.0,Antioquia,68989,1.4495064430561393
SABANETA,5631,2013,2.0,Antioquia,72553,2.7566055159676375
SABANETA,5631,2015,1.0,Antioquia,76089,1.3142504172745073
SABANETA,5631,2017,1.0,Antioquia,79983,1.2502656814573097
SALAZAR,54660,2011,1.0,Norte de Santander,10199,9.804882831650161
SALAZAR,54660,2012,1.0,Norte de Santander,10135,9.86679822397632
SALAZAR,54660,2015,1.0,Norte de Santander,10013,9.987016878058524
SALAZAR,54660,2017,2.0,Norte de Santander,9969,20.062192797672786
SALGAR,5642,2017,1.0,Antioquia,18241,5.482155583575461
SAMACÁ,15646,2014,1.0,Boyacá,17382,5.753077896674721
SAMANIEGO,52678,2013,2.0,Nariño,32639,6.127638714421397
SAMANIEGO,52678,2016,1.0,Nariño,30725,3.254678600488202
SAMPUÉS,70670,2010,1.0,Sucre,39798,2.512689079853259
SAN AGUSTÍN,41668,2010,3.0,Huila,30097,9.967770874173507
SAN AGUSTÍN,41668,2018,1.0,Huila,33028,3.027734043841589
SAN ALBERTO,20710,2010,2.0,Cesar,22405,8.926578888640929
SAN ALBERTO,20710,2012,2.0,Cesar,23201,8.620318089737511
SAN ALBERTO,20710,2016,2.0,Cesar,24863,8.044081566987089
SAN ANDRES DE TUMACO,52835,2010,3.0,Nariño,224316,1.3373990263735087
SAN ANDRES DE TUMACO,52835,2011,2.0,Nariño,228287,0.8760901847236154
SAN ANDRES DE TUMACO,52835,2013,1.0,Nariño,235844,0.42400909075490584
SAN ANDRES DE TUMACO,52835,2014,5.0,Nariño,239414,2.0884325895728737
SAN ANDRES DE TUMACO,52835,2017,5.0,Nariño,249983,2.000136009248629
SAN ANDRES DE TUMACO,52835,2018,3.0,Nariño,253637,1.1827927313444015
SAN ANDRES DE TUMACO,52835,2020,1.0,Nariño,257052,0.38902634486407417
SAN ANDRES DE TUMACO,52835,2021,1.0,Nariño,257042,0.38904147960255525
SAN ANDRÉS (CT),88001,2019,2.0,Archipiélago de San Andrés,56358,3.5487419709712906
SAN ANTONIO DEL TEQUENDAMA,25645,2013,3.0,Cundinamarca,10355,28.97151134717528
SAN BENITO ABAD,70678,2019,1.0,Sucre,29282,3.415067276825353
SAN CARLOS,5649,2021,1.0,Antioquia,16056,6.228201295465869
SAN CARLOS,23678,2013,1.0,Córdoba,25608,3.9050296782255542
SAN CARLOS,23678,2017,1.0,Córdoba,26586,3.761378168961107
SAN CARLOS DE GUAROA,50680,2021,2.0,Meta,12984,15.403573629081947
SAN CAYETANO,54673,2015,1.0,Norte de Santander,6364,15.713387806411063
SAN CAYETANO,54673,2016,1.0,Norte de Santander,6508,15.365703749231713
SAN CAYETANO,54673,2019,1.0,Norte de Santander,7442,13.437248051599031
SAN GIL,68679,2014,1.0,Santander,52574,1.902080876478868
SAN JERÓNIMO,5656,2011,1.0,Antioquia,14277,7.004272606289836
SAN JOSÉ DEL FRAGUA,18610,2010,2.0,Caquetá,10998,18.18512456810329
SAN JOSÉ DEL GUAVIARE (CT),95001,2010,2.0,Guaviare,48085,4.1593012373921185
SAN JOSÉ DEL GUAVIARE (CT),95001,2013,1.0,Guaviare,48767,2.0505669817704595
SAN JOSÉ DEL GUAVIARE (CT),95001,2015,1.0,Guaviare,49835,2.0066218521119694
SAN JOSÉ DEL GUAVIARE (CT),95001,2021,1.0,Guaviare,57004,1.7542628587467548
SAN JOSÉ DEL PALMAR,27660,2017,2.0,Chocó,5109,39.146604032100214
SAN JUAN DE ARAMA,50683,2011,1.0,Meta,8734,11.44950767117014
SAN JUAN DE ARAMA,50683,2017,1.0,Meta,9111,10.975743606629349
SAN JUAN DEL CESAR,44650,2014,2.0,La Guajira,43569,4.590419793890152
SAN JUAN NEPOMUCENO,13657,2019,2.0,Bolívar,37765,5.295908910366742
SAN LUIS,5660,2010,1.0,Antioquia,13225,7.561436672967863
SAN LUIS DE PALENQUE,85325,2014,1.0,Casanare,8069,12.393109431156276
SAN MARTÍN,20770,2020,2.0,Cesar,28769,6.951927421877715
SAN MARTÍN,50689,2012,1.0,Meta,24668,4.053834927841739
SAN MARTÍN,50689,2021,1.0,Meta,26718,3.742795119395164
SAN MIGUEL,86757,2018,1.0,Putumayo,18780,5.324813631522896
SAN ONOFRE,70713,2010,1.0,Sucre,47143,2.1212056933160808
SAN PABLO,52693,2018,1.0,Nariño,15389,6.498148027812073
SAN PEDRO,76670,2010,1.0,Valle del Cauca,16252,6.153088850603003
SAN PEDRO,76670,2011,1.0,Valle del Cauca,16331,6.123323740126141
SAN SEBASTIÁN,19693,2010,1.0,Cauca,10520,9.505703422053232
SAN SEBASTIÁN,19693,2011,1.0,Cauca,10577,9.454476694714947
SAN VICENTE,5674,2010,1.0,Antioquia,21746,4.598546859192496
SAN VICENTE,5674,2013,2.0,Antioquia,21765,9.189065012634964
SAN VICENTE DE CHUCURÍ,68689,2019,2.0,Santander,33414,5.985515053570359
SAN VICENTE DEL CAGUÁN,18753,2011,5.0,Caquetá,46902,10.660526203573408
SAN VICENTE DEL CAGUÁN,18753,2012,2.0,Caquetá,47521,4.208665642558027
SAN VICENTE DEL CAGUÁN,18753,2013,1.0,Caquetá,48118,2.0782243651024563
SAN VICENTE DEL CAGUÁN,18753,2015,1.0,Caquetá,49207,2.0322311866197897
SAN VICENTE DEL CAGUÁN,18753,2017,1.0,Caquetá,50280,1.9888623707239461
SANTA ANA,47707,2014,1.0,Magdalena,27813,3.5954409808362993
SANTA ANA,47707,2019,1.0,Magdalena,25750,3.883495145631068
SANTA BÁRBARA,5679,2011,1.0,Antioquia,27394,3.650434401693802
SANTA BÁRBARA,52696,2011,1.0,Nariño,12566,7.9579818558013695
SANTA BÁRBARA,68705,2018,1.0,Santander,2401,41.649312786339024
SANTA MARTA (CT),47001,2010,3.0,Magdalena,433916,0.6913780547387052
SANTA MARTA (CT),47001,2011,1.0,Magdalena,441291,0.22660783927159175
SANTA MARTA (CT),47001,2012,3.0,Magdalena,448452,0.6689679162987343
SANTA MARTA (CT),47001,2013,1.0,Magdalena,455526,0.2195264375688764
SANTA MARTA (CT),47001,2014,2.0,Magdalena,462394,0.4325315639908823
SANTA MARTA (CT),47001,2015,2.0,Magdalena,469272,0.4261920591895532
SANTA MARTA (CT),47001,2016,1.0,Magdalena,477190,0.20956013328024478
SANTA MARTA (CT),47001,2018,4.0,Magdalena,499192,0.8012948925463549
SANTA ROSA,19701,2013,1.0,Cauca,5570,17.953321364452425
SANTA ROSA DE CABAL,66682,2013,1.0,Risaralda,77121,1.2966636843401926
SANTA ROSA DE OSOS,5686,2013,1.0,Antioquia,34199,2.9240621070791546
SANTA ROSA DEL SUR,13688,2018,1.0,Bolívar,32646,3.063162408870918
SANTACRUZ,52699,2012,1.0,Nariño,10454,9.565716472163766
SANTAFÉ DE ANTIOQUIA,5042,2014,1.0,Antioquia,25075,3.9880358923230306
SANTANDER DE QUILICHAO,19698,2010,7.0,Cauca,100867,6.939831659512031
SANTANDER DE QUILICHAO,19698,2011,2.0,Cauca,102064,1.9595547891519047
SANTANDER DE QUILICHAO,19698,2012,2.0,Cauca,103205,1.937890606075287
SANTANDER DE QUILICHAO,19698,2013,6.0,Cauca,104375,5.748502994011976
SANTANDER DE QUILICHAO,19698,2014,1.0,Cauca,105525,0.9476427386875148
SANTANDER DE QUILICHAO,19698,2016,1.0,Cauca,107906,0.9267325264582136
SANTANDER DE QUILICHAO,19698,2017,2.0,Cauca,109215,1.8312502861328572
SANTANDER DE QUILICHAO,19698,2018,7.0,Cauca,110445,6.337996287745032
SANTANDER DE QUILICHAO,19698,2019,1.0,Cauca,111789,0.8945423968368981
SANTUARIO,66687,2018,2.0,Risaralda,12664,15.792798483891344
SAPUYES,52720,2014,1.0,Nariño,7304,13.691128148959473
SARAVENA,81736,2010,9.0,Arauca,50419,17.850413534580216
SARAVENA,81736,2011,3.0,Arauca,50532,5.936832106388032
SARAVENA,81736,2012,11.0,Arauca,50670,21.70909808565226
SARAVENA,81736,2013,8.0,Arauca,50884,15.722034431255404
SARAVENA,81736,2014,6.0,Arauca,51172,11.725162198077074
SARAVENA,81736,2016,3.0,Arauca,52248,5.741846577859439
SARAVENA,81736,2017,1.0,Arauca,53309,1.8758558592357761
SARAVENA,81736,2018,2.0,Arauca,55554,3.600100802822479
SARAVENA,81736,2019,1.0,Arauca,59697,1.6751260532355061
SARAVENA,81736,2020,1.0,Arauca,63004,1.587200812646816
SARAVENA,81736,2021,1.0,Arauca,64520,1.5499070055796653
SARDINATA,54720,2015,2.0,Norte de Santander,23982,8.339588024351597
SARDINATA,54720,2016,1.0,Norte de Santander,24166,4.1380451874534465
SARDINATA,54720,2017,1.0,Norte de Santander,24453,4.0894777736883
SARDINATA,54720,2020,1.0,Norte de Santander,26804,3.7307864497836145
SASAIMA,25718,2011,3.0,Cundinamarca,9044,33.171163202122955
SEGOVIA,5736,2010,1.0,Antioquia,33766,2.961558964638986
SEGOVIA,5736,2014,4.0,Antioquia,35659,11.217364480215373
SEGOVIA,5736,2016,1.0,Antioquia,36605,2.731867231252561
SEVILLA,76736,2011,1.0,Valle del Cauca,46456,2.152574479076976
SEVILLA,76736,2021,1.0,Valle del Cauca,41374,2.4169768453618214
SIBATÉ,25740,2021,2.0,Cundinamarca,38114,5.247415647793462
SIBUNDOY,86749,2013,2.0,Putumayo,13706,14.592149423610097
SILVANIA,25743,2011,1.0,Cundinamarca,17810,5.614823133071308
SILVIA,19743,2011,2.0,Cauca,32774,6.102398242509306
SIMITÍ,13744,2015,1.0,Bolívar,16895,5.9189109203906485
SINCELEJO (CT),70001,2014,2.0,Sucre,262199,0.7627794156346897
SINCELEJO (CT),70001,2017,1.0,Sucre,272534,0.366926695384796
SINCELEJO (CT),70001,2021,2.0,Sucre,298062,0.6710013352926573
SOACHA,25754,2012,1.0,Cundinamarca,469029,0.21320643286449237
SOACHA,25754,2013,1.0,Cundinamarca,494162,0.2023627879116565
SOACHA,25754,2014,1.0,Cundinamarca,521345,0.1918115643192128
SOACHA,25754,2016,1.0,Cundinamarca,583007,0.1715245271497598
SOACHA,25754,2018,2.0,Cundinamarca,660179,0.3029481398226844
SOACHA,25754,2021,1.0,Cundinamarca,783632,0.12761091941115216
SOGAMOSO,15759,2010,1.0,Boyacá,115536,0.8655310898767484
SOGAMOSO,15759,2012,2.0,Boyacá,118454,1.6884191331656169
SOGAMOSO,15759,2013,1.0,Boyacá,119855,0.8343414959743023
SOGAMOSO,15759,2014,1.0,Boyacá,121297,0.8244226980057214
SOLANO,18756,2010,1.0,Caquetá,9961,10.039152695512499
SOLANO,18756,2017,1.0,Caquetá,11085,9.021199819576005
SOLEDAD,8758,2013,1.0,Atlántico,532656,0.1877384278033102
SOLEDAD,8758,2017,1.0,Atlántico,583036,0.17151599558174796
SOLITA,18785,2011,2.0,Caquetá,7003,28.559188919034696
SONSON,5756,2011,3.0,Antioquia,37002,8.107669855683477
SOPETRÁN,5761,2011,1.0,Antioquia,14529,6.882786151834263
SORACÁ,15764,2012,2.0,Boyacá,5690,35.149384885764505
SOTARA,19760,2016,3.0,Cauca,13607,22.047475564047915
SOTARA,19760,2019,1.0,Cauca,14079,7.102777185879679
SUAZA,41770,2013,1.0,Huila,19732,5.067909993918508
SUBACHOQUE,25769,2011,1.0,Cundinamarca,13839,7.225955632632416
SUESCA,25772,2013,1.0,Cundinamarca,14076,7.104290991759022
SUPÍA,17777,2012,2.0,Caldas,27554,7.258474268708717
SURATÁ,68780,2010,1.0,Santander,4112,24.31906614785992
SURATÁ,68780,2012,1.0,Santander,4058,24.64268112370626
SUÁREZ,19780,2013,2.0,Cauca,30211,6.620105259673629
SUÁREZ,19780,2016,1.0,Cauca,31209,3.2042039155371844
TABIO,25785,2012,1.0,Cundinamarca,16835,5.94000594000594
TADÓ,27787,2010,4.0,Chocó,15818,25.287646984448095
TADÓ,27787,2011,1.0,Chocó,16120,6.20347394540943
TADÓ,27787,2013,1.0,Chocó,16734,5.975857535556353
TADÓ,27787,2015,4.0,Chocó,17310,23.108030040439054
TADÓ,27787,2016,3.0,Chocó,17536,17.107664233576642
TADÓ,27787,2017,1.0,Chocó,17836,5.606638259699484
TADÓ,27787,2018,1.0,Chocó,18011,5.5521625673199715
TADÓ,27787,2019,1.0,Chocó,17925,5.578800557880056
TADÓ,27787,2021,1.0,Chocó,18058,5.537711817477018
TAMALAMEQUE,20787,2012,1.0,Cesar,13593,7.356727727506805
TAME,81794,2010,7.0,Arauca,37839,18.499431803166047
TAME,81794,2011,3.0,Arauca,38187,7.85607667530835
TAME,81794,2012,17.0,Arauca,38559,44.08828029772556
TAME,81794,2013,9.0,Arauca,38977,23.090540575211023
TAME,81794,2014,8.0,Arauca,39467,20.270099070109204
TAME,81794,2015,7.0,Arauca,40011,17.495188823073654
TAME,81794,2016,1.0,Arauca,40793,2.4514009756575885
TAME,81794,2019,1.0,Arauca,46741,2.1394493057487
TAME,81794,2021,2.0,Arauca,50138,3.9889903865331684
TAMINANGO,52786,2014,1.0,Nariño,18127,5.516632647432007
TANGUA,52788,2011,2.0,Nariño,13272,15.06931886678722
TARAZÁ,5790,2010,1.0,Antioquia,23910,4.182350480970306
TASCO,15790,2012,1.0,Boyacá,6234,16.041065126724416
TAURAMENA,85410,2010,2.0,Casanare,19647,10.17967119662035
TAURAMENA,85410,2011,1.0,Casanare,20105,4.973887092762994
TAURAMENA,85410,2016,1.0,Casanare,22402,4.463887152932774
TELLO,41799,2014,1.0,Huila,11691,8.553588230262596
TELLO,41799,2015,1.0,Huila,11680,8.561643835616438
TENJO,25799,2011,1.0,Cundinamarca,16519,6.053635207942369
TENJO,25799,2012,1.0,Cundinamarca,17097,5.848979353102884
TEORAMA,54800,2010,4.0,Norte de Santander,15058,26.563952716164167
TEORAMA,54800,2011,3.0,Norte de Santander,15150,19.801980198019802
TEORAMA,54800,2018,4.0,Norte de Santander,16193,24.702031742110787
TEORAMA,54800,2019,1.0,Norte de Santander,17040,5.868544600938967
TESALIA,41797,2014,1.0,Huila,10295,9.713453132588635
TIBÚ,54810,2013,1.0,Norte de Santander,48820,2.0483408439164275
TIBÚ,54810,2015,3.0,Norte de Santander,49880,6.014434643143544
TIBÚ,54810,2016,4.0,Norte de Santander,50659,7.89593162123216
TIBÚ,54810,2017,3.0,Norte de Santander,51709,5.801697963604015
TIBÚ,54810,2018,1.0,Norte de Santander,53586,1.866159071399246
TIBÚ,54810,2019,2.0,Norte de Santander,56510,3.5391966023712618
TIBÚ,54810,2020,1.0,Norte de Santander,58721,1.702968273701061
TIERRALTA,23807,2010,1.0,Córdoba,84939,1.1773154852305772
TIMANÁ,41807,2013,1.0,Huila,20838,4.798925040790863
TIMANÁ,41807,2015,1.0,Huila,21180,4.721435316336166
TIMANÁ,41807,2017,2.0,Huila,21563,9.275147242962483
TIMBIQUÍ,19809,2011,1.0,Cauca,24147,4.141301196836046
TIMBÍO,19807,2010,1.0,Cauca,33942,2.9462023451770665
TIMBÍO,19807,2015,1.0,Cauca,34868,2.8679591602615577
TIMBÍO,19807,2017,1.0,Cauca,35164,2.8438175406665906
TIMBÍO,19807,2018,1.0,Cauca,35479,2.818568730798501
TIQUISIO,13810,2016,1.0,Bolívar,17515,5.709391949757351
TOCAIMA,25815,2014,1.0,Cundinamarca,14390,6.949270326615705
TOLEDO,5819,2011,2.0,Antioquia,5255,38.05899143672693
TOLEDO,54820,2010,1.0,Norte de Santander,15152,6.599788806758183
TOLEDO,54820,2012,3.0,Norte de Santander,15123,19.837333862328904
TOLEDO,54820,2014,1.0,Norte de Santander,15049,6.644959797993223
TOLEDO,54820,2017,1.0,Norte de Santander,15058,6.640988179041042
TORIBIO,19821,2020,1.0,Cauca,36694,2.72524118384477
TOTORÓ,19824,2010,1.0,Cauca,20771,4.814404698858986
TOTORÓ,19824,2011,1.0,Cauca,21230,4.710315591144607
TOTORÓ,19824,2012,1.0,Cauca,21720,4.6040515653775325
TOTORÓ,19824,2013,1.0,Cauca,22233,4.49781855799937
TOTORÓ,19824,2017,1.0,Cauca,24094,4.150410890678177
TOTORÓ,19824,2020,3.0,Cauca,25612,11.713259409651727
TRINIDAD,85430,2011,2.0,Casanare,11726,17.056114617090227
TRINIDAD,85430,2013,1.0,Casanare,12122,8.249463784853985
TRINIDAD,85430,2015,1.0,Casanare,12518,7.988496564946477
TRINIDAD,85430,2021,1.0,Casanare,13573,7.367567965814485
TRUJILLO,76828,2013,1.0,Valle del Cauca,19671,5.083625641807737
TRUJILLO,76828,2016,1.0,Valle del Cauca,19264,5.191029900332226
TULUÁ,76834,2010,2.0,Valle del Cauca,201504,0.9925361283150707
TULUÁ,76834,2011,2.0,Valle del Cauca,202988,0.9852799180247107
TULUÁ,76834,2012,2.0,Valle del Cauca,204279,0.9790531576911969
TULUÁ,76834,2013,2.0,Valle del Cauca,205344,0.9739753779024466
TULUÁ,76834,2015,2.0,Valle del Cauca,207485,0.9639251030194954
TULUÁ,76834,2016,1.0,Valle del Cauca,208855,0.47880108209044553
TUNJA (CT),15001,2012,1.0,Boyacá,157191,0.6361687373959068
TUNJA (CT),15001,2013,1.0,Boyacá,159682,0.6262446612642627
TUNJA (CT),15001,2014,1.0,Boyacá,162176,0.6166140489344909
TUNJA (CT),15001,2015,1.0,Boyacá,164693,0.6071903481022266
TURBACO,13836,2014,1.0,Bolívar,97668,1.0238768071425646
TURBO,5837,2016,1.0,Antioquia,120238,0.8316838270762986
TURBO,5837,2019,1.0,Antioquia,127565,0.7839140830165013
TÁMARA,85400,2010,1.0,Casanare,6737,14.843402107763099
TÚQUERRES,52838,2010,2.0,Nariño,43425,4.605641911341393
TÚQUERRES,52838,2011,2.0,Nariño,43630,4.584001833600734
TÚQUERRES,52838,2012,3.0,Nariño,43804,6.84868961738654
TÚQUERRES,52838,2016,1.0,Nariño,44460,2.249212775528565
TÚQUERRES,52838,2018,1.0,Nariño,44729,2.2356860202553155
URIBE,50370,2018,2.0,Meta,9284,21.542438604049977
URIBIA,44847,2011,3.0,La Guajira,137911,2.1753159646438642
URIBIA,44847,2013,2.0,La Guajira,143784,1.390975351916764
URIBIA,44847,2014,2.0,La Guajira,146629,1.363986660210463
URIBIA,44847,2015,2.0,La Guajira,149529,1.337533187542216
URIBIA,44847,2019,1.0,La Guajira,177815,0.5623822512161516
VALDIVIA,5854,2016,1.0,Antioquia,13683,7.308338814587444
VALLE DEL GUAMUEZ,86865,2011,4.0,Putumayo,31051,12.882032784773436
VALLE DEL GUAMUEZ,86865,2014,1.0,Putumayo,31962,3.1287153494775044
VALLE DEL GUAMUEZ,86865,2017,1.0,Putumayo,32991,3.03112970203995
VALLEDUPAR (CT),20001,2010,1.0,Cesar,417914,0.23928368037443112
VALLEDUPAR (CT),20001,2012,1.0,Cesar,432509,0.2312090615455401
VALLEDUPAR (CT),20001,2015,2.0,Cesar,454906,0.43965126861373555
VALLEDUPAR (CT),20001,2018,1.0,Cesar,490075,0.2040504004489109
VALLEDUPAR (CT),20001,2021,2.0,Cesar,544134,0.36755652100401737
VALPARAÍSO,18860,2012,1.0,Caquetá,8822,11.335298118340512
VALPARAÍSO,18860,2015,1.0,Caquetá,7859,12.724265173686218
VALPARAÍSO,18860,2018,1.0,Caquetá,6887,14.520110352838682
VENADILLO,73861,2014,1.0,Tolima,13252,7.546030787805614
VENADILLO,73861,2015,1.0,Tolima,13102,7.632422530911312
VERGARA,25862,2019,1.0,Cundinamarca,6975,14.336917562724015
VERSALLES,76863,2017,2.0,Valle del Cauca,7374,27.122321670735015
VIJES,76869,2020,1.0,Valle del Cauca,12884,7.76156473144986
VILLA CARO,54871,2014,1.0,Norte de Santander,4811,20.785699438786114
VILLA DE LEYVA,15407,2013,1.0,Boyacá,14433,6.928566479595371
VILLA DEL ROSARIO,54874,2014,1.0,Norte de Santander,96818,1.032865789419323
VILLA DEL ROSARIO,54874,2017,2.0,Norte de Santander,99169,2.0167592695297927
VILLA DEL ROSARIO,54874,2018,2.0,Norte de Santander,101952,1.9617074701820465
VILLA DEL ROSARIO,54874,2019,2.0,Norte de Santander,107288,1.8641413764819923
VILLA DEL ROSARIO,54874,2021,1.0,Norte de Santander,112798,0.8865405414989627
VILLA RICA,19845,2014,2.0,Cauca,19556,10.22704029453876
VILLA RICA,19845,2018,3.0,Cauca,20693,14.497656212245687
VILLAGARZÓN,86885,2010,3.0,Putumayo,20860,14.381591562799615
VILLAGARZÓN,86885,2011,1.0,Putumayo,21197,4.71764872387602
VILLAGARZÓN,86885,2013,3.0,Putumayo,21891,13.704262025489927
VILLAGARZÓN,86885,2014,5.0,Putumayo,22264,22.45777937477542
VILLAGARZÓN,86885,2015,1.0,Putumayo,22562,4.432231185178619
VILLAGARZÓN,86885,2017,1.0,Putumayo,23268,4.29774798005845
VILLAGARZÓN,86885,2018,1.0,Putumayo,23700,4.219409282700422
VILLAMARÍA,17873,2013,1.0,Caldas,59367,1.6844374821028516
VILLAMARÍA,17873,2016,1.0,Caldas,62261,1.6061418865742598
VILLANUEVA,85440,2012,3.0,Casanare,31210,9.612303748798462
VILLANUEVA,85440,2013,1.0,Casanare,31830,3.141690229343387
VILLANUEVA,85440,2014,1.0,Casanare,32450,3.081664098613251
VILLANUEVA,85440,2016,1.0,Casanare,33711,2.9663907923229806
VILLAVICENCIO (CT),50001,2010,1.0,Meta,454178,0.22017799188864276
VILLAVICENCIO (CT),50001,2011,7.0,Meta,464527,1.5069091785838067
VILLAVICENCIO (CT),50001,2012,2.0,Meta,474503,0.42149364703700504
VILLAVICENCIO (CT),50001,2013,3.0,Meta,484216,0.6195582136897583
VILLAVICENCIO (CT),50001,2014,4.0,Meta,493721,0.8101741671915921
VILLAVICENCIO (CT),50001,2015,3.0,Meta,503042,0.596371674730937
VILLAVICENCIO (CT),50001,2016,2.0,Meta,512462,0.39027283974226384
VILLAVICENCIO (CT),50001,2017,2.0,Meta,521700,0.38336208548974504
VILLAVICENCIO (CT),50001,2018,3.0,Meta,531275,0.5646793092089784
VIOTÁ,25878,2014,1.0,Cundinamarca,12467,8.021175904387583
VISTAHERMOSA,50711,2011,3.0,Meta,17625,17.02127659574468
VISTAHERMOSA,50711,2012,2.0,Meta,17675,11.315417256011315
VISTAHERMOSA,50711,2014,5.0,Meta,17734,28.1944287808729
YAGUARÁ,41885,2016,1.0,Huila,7572,13.206550449022716
YARUMAL,5887,2011,1.0,Antioquia,39681,2.520097779793856
YARUMAL,5887,2016,1.0,Antioquia,40691,2.457545894669583
YARUMAL,5887,2021,1.0,Antioquia,43340,2.3073373327180433
YOLOMBÓ,5890,2011,1.0,Antioquia,22233,4.49781855799937
YOLOMBÓ,5890,2012,1.0,Antioquia,22219,4.500652594626221
YOLOMBÓ,5890,2014,1.0,Antioquia,22190,4.506534474988734
YONDÓ,5893,2018,1.0,Antioquia,19040,5.2521008403361344
YOPAL (CT),85001,2010,3.0,Casanare,141548,2.119422386752197
YOPAL (CT),85001,2011,2.0,Casanare,144801,1.3812059308982674
YOPAL (CT),85001,2012,6.0,Casanare,148007,4.05386231732283
YOPAL (CT),85001,2013,7.0,Casanare,151210,4.629323457443291
YOPAL (CT),85001,2015,3.0,Casanare,157417,1.9057662133060598
YOPAL (CT),85001,2016,1.0,Casanare,160747,0.6220955912085451
YOPAL (CT),85001,2018,1.0,Casanare,168433,0.5937078838469896
YOPAL (CT),85001,2020,1.0,Casanare,177688,0.5627842060240421
YUMBO,76892,2010,2.0,Valle del Cauca,98874,2.022776462973077
YUMBO,76892,2014,1.0,Valle del Cauca,102729,0.9734349599431513
YUMBO,76892,2016,1.0,Valle del Cauca,104677,0.9553196977368477
YUMBO,76892,2017,1.0,Valle del Cauca,105749,0.945635419720281
ZIPAQUIRÁ,25899,2016,1.0,Cundinamarca,118023,0.8472924768900977
ZIPAQUIRÁ,25899,2018,1.0,Cundinamarca,130537,0.766066326022507
ZIPAQUIRÁ,25899,2019,1.0,Cundinamarca,138654,0.7212197268019674
ZONA BANANERA,47980,2012,3.0,Magdalena,56655,5.295207836907599
ZONA BANANERA,47980,2014,1.0,Magdalena,60210,1.6608536787908985
ZONA BANANERA,47980,2018,2.0,Magdalena,68722,2.9102761852099763
ZONA BANANERA,47980,2020,2.0,Magdalena,73933,2.7051519619114606
