municipio,codigo_dane,fecha_año,cantidad,dpnom,pob,tasa_terrorismo
ABEJORRAL,5002,2014,1.0,Antioquia,20942.0,4.775093114315729
ABREGO,54003,2013,1.0,Norte de Santander,30253.0,3.3054573100188414
ABREGO,54003,2020,3.0,Norte de Santander,33931.0,8.841472399870325
ABREGO,54003,2021,3.0,Norte de Santander,34395.0,8.722197993894461
ABRIAQUÍ,5004,2021,1.0,Antioquia,2777.0,36.010082823190494
ACACÍAS,50006,2011,2.0,Meta,75305.0,2.6558661443463247
ACACÍAS,50006,2013,1.0,Meta,79035.0,1.265262225596255
ACACÍAS,50006,2014,1.0,Meta,80841.0,1.2369960787224303
ACACÍAS,50006,2020,1.0,Meta,91829.0,1.0889806052554203
ACACÍAS,50006,2021,1.0,Meta,92607.0,1.0798319781442007
ACANDÍ,27006,2020,2.0,Chocó,14159.0,14.125291334133767
ACANDÍ,27006,2022,1.0,,,
AGRADO,41013,2014,1.0,Huila,8486.0,11.784115012962527
AGUACHICA,20011,2013,1.0,Cesar,98333.0,1.0169525998393214
AGUACHICA,20011,2016,1.0,Cesar,103714.0,0.9641899839944463
AGUACHICA,20011,2018,2.0,Cesar,109621.0,1.8244679395371324
AGUACHICA,20011,2022,2.0,,,
AGUAZUL,85010,2011,1.0,Casanare,32901.0,3.039421294185587
AGUAZUL,85010,2013,1.0,Casanare,33961.0,2.944554047289538
AGUAZUL,85010,2014,1.0,Casanare,34482.0,2.900063801403631
AGUAZUL,85010,2015,5.0,Casanare,34991.0,14.289388699951415
AGUAZUL,85010,2016,1.0,Casanare,35532.0,2.814364516492176
AGUAZUL,85010,2018,2.0,Casanare,36915.0,5.417851821752675
AGUAZUL,85010,2022,4.0,,,
AIPE,41016,2010,3.0,Huila,14591.0,20.560619560002742
AIPE,41016,2011,2.0,Huila,14775.0,13.536379018612521
AIPE,41016,2014,1.0,Huila,15398.0,6.4943499155734505
ALBANIA,44035,2010,1.0,La Guajira,22725.0,4.400440044004401
ALBANIA,44035,2011,2.0,La Guajira,23388.0,8.551393877201985
ALBANIA,44035,2013,8.0,La Guajira,24733.0,32.3454493995876
ALBANIA,44035,2018,1.0,La Guajira,29148.0,3.430767119527926
ALBANIA,44035,2022,7.0,,,
ALGECIRAS,41020,2010,1.0,Huila,21579.0,4.634135038695028
ALGECIRAS,41020,2011,1.0,Huila,21677.0,4.613184481247405
ALGECIRAS,41020,2014,2.0,Huila,22002.0,9.09008271975275
ALGECIRAS,41020,2015,3.0,Huila,22131.0,13.555645926528397
ALGECIRAS,41020,2018,1.0,Huila,22481.0,4.4482007028157105
ALGECIRAS,41020,2022,2.0,,,
ALPUJARRA,73024,2013,1.0,Tolima,4712.0,21.222410865874362
ALTAMIRA,41026,2014,1.0,Huila,4046.0,24.715768660405335
ALVARADO,73026,2014,1.0,Tolima,8719.0,11.469205184080744
AMAGÁ,5030,2020,1.0,Antioquia,31283.0,3.1966243646709076
AMAGÁ,5030,2021,1.0,Antioquia,31768.0,3.147821707378494
AMALFI,5031,2013,1.0,Antioquia,24548.0,4.073651621313346
ANCUYÁ,52036,2014,1.0,Nariño,9052.0,11.04728236853734
ANDES,5034,2013,1.0,Antioquia,42284.0,2.3649607416516885
ANGOSTURA,5038,2014,2.0,Antioquia,11586.0,17.262213015708614
ANGOSTURA,5038,2016,1.0,Antioquia,11486.0,8.706251088281386
ANGOSTURA,5038,2020,1.0,Antioquia,11536.0,8.668515950069349
ANGOSTURA,5038,2021,1.0,Antioquia,11715.0,8.536064874093043
ANORÍ,5040,2010,2.0,Antioquia,16733.0,11.952429331261579
ANORÍ,5040,2011,3.0,Antioquia,16908.0,17.7430801987225
ANORÍ,5040,2013,12.0,Antioquia,17264.0,69.50880444856348
ANORÍ,5040,2014,11.0,Antioquia,17383.0,63.28021630328482
ANORÍ,5040,2015,3.0,Antioquia,17534.0,17.10961560396943
ANORÍ,5040,2016,1.0,Antioquia,17723.0,5.642385600631947
ANORÍ,5040,2019,6.0,Antioquia,18737.0,32.022202060095
ANORÍ,5040,2020,3.0,Antioquia,19104.0,15.703517587939698
ANORÍ,5040,2021,6.0,Antioquia,19404.0,30.921459492888065
ANORÍ,5040,2022,3.0,,,
APARTADÓ,5045,2010,1.0,Antioquia,102469.0,0.9759049078257814
APARTADÓ,5045,2020,3.0,Antioquia,127744.0,2.348446893787575
APÍA,66045,2013,1.0,Risaralda,12929.0,7.734550235903781
ARAUCA (CT),81001,2010,3.0,Arauca,74997.0,4.0001600064002565
ARAUCA (CT),81001,2011,3.0,Arauca,75564.0,3.9701445132602826
ARAUCA (CT),81001,2013,8.0,Arauca,76798.0,10.416937941092216
ARAUCA (CT),81001,2014,8.0,Arauca,77560.0,10.314595152140278
ARAUCA (CT),81001,2015,1.0,Arauca,78436.0,1.2749247794380132
ARAUCA (CT),81001,2016,5.0,Arauca,79833.0,6.26307416732429
ARAUCA (CT),81001,2017,1.0,Arauca,81824.0,1.222135314822057
ARAUCA (CT),81001,2019,5.0,Arauca,91875.0,5.442176870748299
ARAUCA (CT),81001,2020,9.0,Arauca,96814.0,9.29617617286756
ARAUCA (CT),81001,2021,4.0,Arauca,99143.0,4.034576319054295
ARAUCA (CT),81001,2022,4.0,,,
ARAUQUITA,81065,2010,4.0,Arauca,42027.0,9.517691008161421
ARAUQUITA,81065,2011,4.0,Arauca,42544.0,9.402030838661151
ARAUQUITA,81065,2013,13.0,Arauca,43706.0,29.744199881023203
ARAUQUITA,81065,2014,10.0,Arauca,44350.0,22.547914317925592
ARAUQUITA,81065,2015,3.0,Arauca,45049.0,6.659415303336367
ARAUQUITA,81065,2016,8.0,Arauca,46085.0,17.35922751437561
ARAUQUITA,81065,2017,5.0,Arauca,47442.0,10.539184688672485
ARAUQUITA,81065,2018,5.0,Arauca,49841.0,10.031901446600187
ARAUQUITA,81065,2019,21.0,Arauca,53407.0,39.32068829928661
ARAUQUITA,81065,2020,11.0,Arauca,56209.0,19.569819779750574
ARAUQUITA,81065,2021,2.0,Arauca,57562.0,3.474514436607484
ARAUQUITA,81065,2022,14.0,,,
ARBELÁEZ,25053,2020,1.0,Cundinamarca,10959.0,9.124920156948626
ARENAL,13042,2015,1.0,Bolívar,7396.0,13.520822065981612
ARENAL,13042,2020,2.0,Bolívar,7775.0,25.723472668810288
ARGELIA,19050,2011,3.0,Cauca,24388.0,12.301131704116777
ARGELIA,19050,2013,3.0,Cauca,24865.0,12.065151819827067
ARGELIA,19050,2014,2.0,Cauca,25095.0,7.969715082685794
ARGELIA,19050,2015,6.0,Cauca,25327.0,23.690133059580685
ARGELIA,19050,2020,18.0,Cauca,26588.0,67.69971415676245
ARGELIA,19050,2022,7.0,,,
ARMENIA (CT),63001,2010,1.0,Quindio,280619.0,0.3563550579255147
ARMENIA (CT),63001,2013,1.0,Quindio,284183.0,0.3518859326560702
ARMENIA (CT),63001,2019,1.0,Quindio,300194.0,0.3331179170802881
ARMENIA (CT),63001,2020,1.0,Quindio,304764.0,0.3281227441561339
ARMENIA (CT),63001,2022,1.0,,,
ARMERO,73055,2014,1.0,Tolima,13045.0,7.665772326561901
ATACO,73067,2014,2.0,Tolima,19630.0,10.188487009679063
ATRATO,27050,2013,1.0,Chocó,5694.0,17.562346329469616
ATRATO,27050,2014,1.0,Chocó,5798.0,17.247326664367023
ATRATO,27050,2015,1.0,Chocó,5911.0,16.91761123329386
ATRATO,27050,2020,1.0,Chocó,6208.0,16.108247422680414
ATRATO,27050,2022,1.0,,,
BAGADÓ,27073,2014,2.0,Chocó,10357.0,19.310611180843875
BAJO BAUDÓ,27077,2018,1.0,Chocó,29957.0,3.3381179690890277
BALBOA,19075,2011,1.0,Cauca,20438.0,4.892846658185733
BALBOA,19075,2018,1.0,Cauca,21108.0,4.737540269092287
BALBOA,19075,2020,5.0,Cauca,21437.0,23.324159164062138
BALBOA,19075,2021,1.0,Cauca,21608.0,4.627915586819697
BALBOA,19075,2022,2.0,,,
BARAYA,41078,2010,1.0,Huila,8278.0,12.080212611741967
BARAYA,41078,2014,1.0,Huila,8273.0,12.087513598452798
BARBACOAS,52079,2010,1.0,Nariño,48536.0,2.060326355694742
BARBACOAS,52079,2011,1.0,Nariño,49506.0,2.0199571769078495
BARBACOAS,52079,2013,8.0,Nariño,51345.0,15.580874476579998
BARBACOAS,52079,2014,9.0,Nariño,52221.0,17.234445912563913
BARBACOAS,52079,2015,5.0,Nariño,53098.0,9.41655052921014
BARBACOAS,52079,2016,3.0,Nariño,53984.0,5.557202133965619
BARBACOAS,52079,2018,1.0,Nariño,55633.0,1.7974942929556197
BARBACOAS,52079,2019,1.0,Nariño,56195.0,1.7795177506895632
BARBACOAS,52079,2020,3.0,Nariño,56526.0,5.307292219509606
BARBACOAS,52079,2021,1.0,Nariño,56524.0,1.7691600028306558
BARBACOAS,52079,2022,6.0,,,
BARBOSA,5079,2015,2.0,Antioquia,49550.0,4.036326942482342
BARBOSA,5079,2019,1.0,Antioquia,53242.0,1.8782164456631982
BARRANCABERMEJA,68081,2011,1.0,Santander,191231.0,0.5229277679874079
BARRANCABERMEJA,68081,2013,1.0,Santander,194104.0,0.5151877344104192
BARRANCABERMEJA,68081,2014,2.0,Santander,195446.0,1.0233005536055995
BARRANCABERMEJA,68081,2016,2.0,Santander,198513.0,1.0074906933047205
BARRANCABERMEJA,68081,2021,3.0,Santander,213061.0,1.4080474605864048
BARRANCABERMEJA,68081,2022,4.0,,,
BARRANCAS,44078,2010,1.0,La Guajira,28804.0,3.471740036106096
BARRANCAS,44078,2013,5.0,La Guajira,30949.0,16.155610843646
BARRANCAS,44078,2014,2.0,La Guajira,31697.0,6.309745401773039
BARRANCAS,44078,2015,2.0,La Guajira,32390.0,6.174745291756715
BARRANQUILLA (CT),8001,2018,1.0,Atlántico,1206319.0,0.08289681253466123
BARRANQUILLA (CT),8001,2020,1.0,Atlántico,1274250.0,0.07847753580537571
BELLO,5088,2010,2.0,Antioquia,445349.0,0.44908599772313396
BELLO,5088,2017,1.0,Antioquia,510031.0,0.19606651360407507
BELÉN DE LOS ANDAQUIES,18094,2013,1.0,Caquetá,11718.0,8.533879501621438
BELÉN DE LOS ANDAQUIES,18094,2015,1.0,Caquetá,11435.0,8.745080891998251
BETULIA,5093,2016,1.0,Antioquia,15445.0,6.474587245063128
BOCHALEMA,54099,2013,1.0,Norte de Santander,7410.0,13.49527665317139
BOCHALEMA,54099,2015,1.0,Norte de Santander,7573.0,13.204806549584047
BOGOTÁ D.C. (CT),11001,2010,3.0,"Bogotá, D.C.",7096886.0,0.042272061295616135
BOGOTÁ D.C. (CT),11001,2011,25.0,"Bogotá, D.C.",7152656.0,0.3495205137783783
BOGOTÁ D.C. (CT),11001,2013,9.0,"Bogotá, D.C.",7228427.0,0.12450841656144553
BOGOTÁ D.C. (CT),11001,2014,9.0,"Bogotá, D.C.",7252949.0,0.12408745739146931
BOGOTÁ D.C. (CT),11001,2015,9.0,"Bogotá, D.C.",7273265.0,0.12374085091083578
BOGOTÁ D.C. (CT),11001,2016,4.0,"Bogotá, D.C.",7300918.0,0.05478763081574125
BOGOTÁ D.C. (CT),11001,2017,5.0,"Bogotá, D.C.",7337449.0,0.06814357414954435
BOGOTÁ D.C. (CT),11001,2018,1.0,"Bogotá, D.C.",7412566.0,0.01349060500776654
BOGOTÁ D.C. (CT),11001,2019,1.0,"Bogotá, D.C.",7592871.0,0.013170248776780219
BOGOTÁ D.C. (CT),11001,2020,10.0,"Bogotá, D.C.",7743955.0,0.12913298179031257
BOGOTÁ D.C. (CT),11001,2022,15.0,,,
BOJAYÁ,27099,2013,1.0,Chocó,10899.0,9.175153683824204
BOLÍVAR,19100,2013,1.0,Cauca,41005.0,2.4387269845140835
BRICEÑO,5107,2011,2.0,Antioquia,8212.0,24.354603019970774
BRICEÑO,5107,2013,8.0,Antioquia,8176.0,97.84735812133071
BRICEÑO,5107,2014,4.0,Antioquia,8135.0,49.170251997541484
BRICEÑO,5107,2015,3.0,Antioquia,8088.0,37.0919881305638
BRICEÑO,5107,2016,2.0,Antioquia,8075.0,24.76780185758514
BRICEÑO,5107,2019,2.0,Antioquia,8065.0,24.798512089274645
BRICEÑO,5107,2022,5.0,,,
BUCARAMANGA (CT),68001,2010,1.0,Santander,522105.0,0.1915323546030013
BUCARAMANGA (CT),68001,2014,1.0,Santander,548447.0,0.18233302397496934
BUCARAMANGA (CT),68001,2016,2.0,Santander,562123.0,0.35579401661202265
BUCARAMANGA (CT),68001,2017,1.0,Santander,570253.0,0.1753607609254138
BUCARAMANGA (CT),68001,2021,3.0,Santander,614269.0,0.4883853816487565
BUCARASICA,54109,2014,1.0,Norte de Santander,5805.0,17.22652885443583
BUCARASICA,54109,2021,1.0,Norte de Santander,6704.0,14.916467780429596
BUCARASICA,54109,2022,3.0,,,
BUENAVENTURA,76109,2010,4.0,Valle del Cauca,296080.0,1.3509862199405567
BUENAVENTURA,76109,2011,10.0,Valle del Cauca,297593.0,3.3602940929390144
BUENAVENTURA,76109,2013,3.0,Valle del Cauca,299904.0,1.0003201024327784
BUENAVENTURA,76109,2015,3.0,Valle del Cauca,302099.0,0.9930519465473239
BUENAVENTURA,76109,2018,2.0,Valle del Cauca,308188.0,0.6489545342453308
BUENAVENTURA,76109,2020,1.0,Valle del Cauca,311827.0,0.32069063936092773
BUENAVENTURA,76109,2022,7.0,,,
BUENOS AIRES,19110,2015,2.0,Cauca,30022.0,6.661781360335754
BUENOS AIRES,19110,2016,1.0,Cauca,30550.0,3.2733224222585924
BUENOS AIRES,19110,2018,1.0,Cauca,31436.0,3.1810662934215546
BUENOS AIRES,19110,2020,3.0,Cauca,32049.0,9.360666479453338
BURITICÁ,5113,2013,2.0,Antioquia,8952.0,22.341376228775694
BURITICÁ,5113,2014,2.0,Antioquia,9034.0,22.13858755811379
BURITICÁ,5113,2016,1.0,Antioquia,9157.0,10.920607185759529
BURITICÁ,5113,2020,1.0,Antioquia,9634.0,10.379904504878557
BURITICÁ,5113,2021,2.0,Antioquia,9783.0,20.44362669937647
CAJAMARCA,73124,2010,2.0,Tolima,18833.0,10.61965698507938
CAJAMARCA,73124,2013,3.0,Tolima,18654.0,16.08234158893535
CAJAMARCA,73124,2014,1.0,Tolima,18589.0,5.37952552584862
CAJAMARCA,73124,2022,1.0,,,
CAJIBÍO,19130,2013,2.0,Cauca,41258.0,4.847544718600029
CAJIBÍO,19130,2015,1.0,Cauca,41535.0,2.4076080414108585
CAJIBÍO,19130,2019,2.0,Cauca,42439.0,4.712646386578383
CAJIBÍO,19130,2022,2.0,,,
CALAMAR,95015,2013,1.0,Guaviare,8421.0,11.87507421921387
CALAMAR,95015,2015,1.0,Guaviare,8747.0,11.432491139819366
CALAMAR,95015,2017,1.0,Guaviare,9264.0,10.794473229706389
CALAMAR,95015,2022,2.0,,,
CALARCA,63130,2010,1.0,Quindio,69501.0,1.4388282182990173
CALARCA,63130,2014,1.0,Quindio,70565.0,1.417133139658471
CALDONO,19137,2010,1.0,Cauca,34016.0,2.939793038570085
CALDONO,19137,2013,4.0,Cauca,36254.0,11.033265294864014
CALDONO,19137,2014,4.0,Cauca,36992.0,10.813148788927336
CALDONO,19137,2015,2.0,Cauca,37730.0,5.3008216273522395
CALDONO,19137,2018,2.0,Cauca,39946.0,5.006759124818505
CALDONO,19137,2019,1.0,Cauca,40898.0,2.4451073402122354
CALDONO,19137,2020,4.0,Cauca,41770.0,9.576250897773521
CALDONO,19137,2022,3.0,,,
CALI (CT),76001,2010,2.0,Valle del Cauca,2146535.0,0.09317341669248347
CALI (CT),76001,2011,3.0,Valle del Cauca,2156926.0,0.13908683005351133
CALI (CT),76001,2014,1.0,Valle del Cauca,2178842.0,0.04589593921908977
CALI (CT),76001,2015,2.0,Valle del Cauca,2186576.0,0.09146720717688295
CALI (CT),76001,2017,1.0,Valle del Cauca,2205615.0,0.04533882839933533
CALI (CT),76001,2018,2.0,Valle del Cauca,2227642.0,0.08978103303852235
CALI (CT),76001,2019,3.0,Valle del Cauca,2241491.0,0.1338394845216867
CALI (CT),76001,2020,6.0,Valle del Cauca,2252616.0,0.2663569822819335
CALI (CT),76001,2021,8.0,Valle del Cauca,2264748.0,0.35324018389683975
CALI (CT),76001,2022,5.0,,,
CALOTO,19142,2010,1.0,Cauca,23661.0,4.226364059000042
CALOTO,19142,2011,2.0,Cauca,24512.0,8.159268929503916
CALOTO,19142,2013,4.0,Cauca,26144.0,15.29987760097919
CALOTO,19142,2014,1.0,Cauca,26898.0,3.71774853148933
CALOTO,19142,2015,3.0,Cauca,27687.0,10.835410120273052
CALOTO,19142,2016,1.0,Cauca,28515.0,3.5069261792039277
CALOTO,19142,2019,1.0,Cauca,30143.0,3.3175198221809374
CALOTO,19142,2020,4.0,Cauca,30216.0,13.238019592268996
CALOTO,19142,2022,3.0,,,
CAMPAMENTO,5134,2013,2.0,Antioquia,9370.0,21.344717182497334
CAMPAMENTO,5134,2014,2.0,Antioquia,9321.0,21.4569252226156
CAMPAMENTO,5134,2015,2.0,Antioquia,9273.0,21.56799309824221
CAMPAMENTO,5134,2016,1.0,Antioquia,9250.0,10.81081081081081
CAMPAMENTO,5134,2020,1.0,Antioquia,9243.0,10.818998160770313
CAMPAMENTO,5134,2022,1.0,,,
CAMPOALEGRE,41132,2013,3.0,Huila,30255.0,9.91571641051066
CAMPOALEGRE,41132,2014,4.0,Huila,30413.0,13.152270410679643
CAMPOALEGRE,41132,2015,2.0,Huila,30573.0,6.541719818140189
CAMPOALEGRE,41132,2022,5.0,,,
CANDELARIA,76130,2021,1.0,Valle del Cauca,94736.0,1.0555649383550076
CANTAGALLO,13160,2013,1.0,Bolívar,7398.0,13.517166801838336
CANTAGALLO,13160,2016,1.0,Bolívar,7821.0,12.786088735455825
CANTAGALLO,13160,2020,2.0,Bolívar,8696.0,22.999080036798528
CAREPA,5147,2022,1.0,,,
CARTAGENA (CT),13001,2021,1.0,Bolívar,1043926.0,0.09579223048376993
CARTAGENA DEL CHAIRÁ,18150,2010,2.0,Caquetá,25767.0,7.761865952574999
CARTAGENA DEL CHAIRÁ,18150,2013,2.0,Caquetá,27614.0,7.242702976750923
CARTAGENA DEL CHAIRÁ,18150,2019,1.0,Caquetá,30778.0,3.2490740139060366
CARTAGENA DEL CHAIRÁ,18150,2022,1.0,,,
CARTAGO,76147,2014,1.0,Valle del Cauca,134684.0,0.7424786908615723
CAUCASIA,5154,2010,15.0,Antioquia,77825.0,19.2740122068744
CAUCASIA,5154,2011,5.0,Antioquia,79274.0,6.307238186542877
CAUCASIA,5154,2013,9.0,Antioquia,82081.0,10.964778694216688
CAUCASIA,5154,2014,1.0,Antioquia,83472.0,1.1980065171554533
CAUCASIA,5154,2015,1.0,Antioquia,84926.0,1.177495702140687
CAUCASIA,5154,2016,1.0,Antioquia,86492.0,1.1561762937612727
CAUCASIA,5154,2017,2.0,Antioquia,88188.0,2.267882251553499
CAUCASIA,5154,2018,3.0,Antioquia,90213.0,3.3254630707326
CAUCASIA,5154,2019,2.0,Antioquia,93044.0,2.149520656893513
CAUCASIA,5154,2020,1.0,Antioquia,95427.0,1.0479214478082723
CAUCASIA,5154,2021,1.0,Antioquia,96927.0,1.0317042722873915
CAÑASGORDAS,5138,2021,1.0,Antioquia,15793.0,6.331919204710948
CERRITO,68162,2013,1.0,Santander,6600.0,15.151515151515152
CHACHAGÜÍ,52240,2013,1.0,Nariño,14823.0,6.746272684341902
CHACHAGÜÍ,52240,2022,1.0,,,
CHALÁN,70230,2020,1.0,Sucre,4604.0,21.720243266724587
CHAPARRAL,73168,2010,7.0,Tolima,49913.0,14.02440246028089
CHAPARRAL,73168,2011,11.0,Tolima,49927.0,22.0321669637671
CHAPARRAL,73168,2013,2.0,Tolima,49992.0,4.000640102416386
CHAPARRAL,73168,2014,2.0,Tolima,50046.0,3.9963233824881113
CHAPARRAL,73168,2015,2.0,Tolima,50076.0,3.993929227574087
CHAPARRAL,73168,2020,2.0,Tolima,50741.0,3.9415856999270806
CHAPARRAL,73168,2022,7.0,,,
CHIGORODÓ,5172,2022,1.0,,,
CHINÁCOTA,54172,2021,1.0,Norte de Santander,19120.0,5.230125523012552
CISNEROS,5190,2011,2.0,Antioquia,9637.0,20.753346477119436
CIUDAD BOLÍVAR,5101,2016,1.0,Antioquia,25996.0,3.846745653177412
CIUDAD BOLÍVAR,5101,2017,1.0,Antioquia,25975.0,3.8498556304138596
CIÉNAGA,47189,2010,1.0,Magdalena,115015.0,0.8694518106333957
CIÉNAGA,47189,2011,2.0,Magdalena,115521.0,1.731286952155885
CIÉNAGA,47189,2014,2.0,Magdalena,116604.0,1.7152070254879765
CIÉNAGA,47189,2017,1.0,Magdalena,118322.0,0.8451513666097599
CIÉNAGA,47189,2018,1.0,Magdalena,120071.0,0.8328405693298133
CIÉNAGA,47189,2022,4.0,,,
CONCEPCIÓN,68207,2016,1.0,Santander,5803.0,17.232465965879715
CONDOTO,27205,2022,1.0,,,
CONSACA,52207,2013,1.0,Nariño,13441.0,7.439922624804702
CONTADERO,52210,2013,1.0,Nariño,7121.0,14.04297149276787
CONVENCIÓN,54206,2010,3.0,Norte de Santander,17905.0,16.755096341803966
CONVENCIÓN,54206,2011,2.0,Norte de Santander,17892.0,11.1781801922647
CONVENCIÓN,54206,2013,25.0,Norte de Santander,17877.0,139.84449292386867
CONVENCIÓN,54206,2014,10.0,Norte de Santander,17809.0,56.15138413161884
CONVENCIÓN,54206,2016,1.0,Norte de Santander,17854.0,5.600985773496135
CONVENCIÓN,54206,2020,4.0,Norte de Santander,19647.0,20.3593423932407
CONVENCIÓN,54206,2022,6.0,,,
CORINTO,19212,2010,1.0,Cauca,24475.0,4.085801838610828
CORINTO,19212,2011,4.0,Cauca,24573.0,16.27802873072071
CORINTO,19212,2014,1.0,Cauca,24854.0,4.023497223786915
CORINTO,19212,2015,3.0,Cauca,24914.0,12.041422493377217
CORINTO,19212,2016,1.0,Cauca,25067.0,3.989308652810468
CORINTO,19212,2017,3.0,Cauca,25065.0,11.968880909634949
CORINTO,19212,2018,4.0,Cauca,25286.0,15.819030293443012
CORINTO,19212,2021,1.0,Cauca,25643.0,3.8996997231213197
CORINTO,19212,2022,12.0,,,
COYAIMA,73217,2011,1.0,Tolima,23491.0,4.256949470009791
COYAIMA,73217,2013,4.0,Tolima,23266.0,17.192469698272156
CRAVO NORTE,81220,2010,1.0,Arauca,4163.0,24.02113860196973
CRAVO NORTE,81220,2020,1.0,Arauca,4143.0,24.137098720733768
CUBARRAL,50223,2014,1.0,Meta,6612.0,15.124016938898972
CUBARÁ,15223,2010,2.0,Boyacá,8630.0,23.174971031286212
CUBARÁ,15223,2013,1.0,Boyacá,9227.0,10.837758751490192
CUBARÁ,15223,2014,4.0,Boyacá,9420.0,42.462845010615716
CUBARÁ,15223,2016,1.0,Boyacá,9827.0,10.176045588684238
CUBARÁ,15223,2018,1.0,Boyacá,10319.0,9.690861517588914
CUBARÁ,15223,2019,1.0,Boyacá,10563.0,9.467007478935908
CUBARÁ,15223,2022,1.0,,,
CUMARAL,50226,2014,1.0,Meta,21381.0,4.677049717038492
CUMARIBO,99773,2014,2.0,Vichada,64438.0,3.103758651727242
CUMARIBO,99773,2020,1.0,Vichada,78863.0,1.268021759253389
CUMARIBO,99773,2022,2.0,,,
CUMBAL,52227,2016,1.0,Nariño,35762.0,2.7962641910407697
CUMBAL,52227,2021,1.0,Nariño,37032.0,2.7003672499459928
CUMBITARA,52233,2011,1.0,Nariño,6152.0,16.25487646293888
CUMBITARA,52233,2014,1.0,Nariño,6043.0,16.54807214959457
CUMBITARA,52233,2019,1.0,Nariño,5843.0,17.114495978093444
CUNDAY,73226,2013,1.0,Tolima,9750.0,10.256410256410255
CURILLO,18205,2015,1.0,Caquetá,7454.0,13.415615776764152
CURUMANÍ,20228,2013,1.0,Cesar,34212.0,2.9229510113410497
CURUMANÍ,20228,2016,1.0,Cesar,35654.0,2.8047343916531107
CURUMANÍ,20228,2018,2.0,Cesar,37399.0,5.347736570496537
CURUMANÍ,20228,2020,5.0,Cesar,39667.0,12.604936092974008
CÁCERES,5120,2011,1.0,Antioquia,26678.0,3.7484069270560014
CÁCERES,5120,2013,6.0,Antioquia,27193.0,22.064501893869746
CÁCERES,5120,2014,3.0,Antioquia,27503.0,10.907900956259317
CÁCERES,5120,2015,2.0,Antioquia,27811.0,7.191399086692315
CÁCERES,5120,2016,1.0,Antioquia,28134.0,3.5544181417501957
CÁCERES,5120,2017,1.0,Antioquia,28551.0,3.5025042905677557
CÁCERES,5120,2018,1.0,Antioquia,28996.0,3.448751551938198
CÁCERES,5120,2019,5.0,Antioquia,29716.0,16.82595234890295
CÁCERES,5120,2020,2.0,Antioquia,30356.0,6.588483331137172
CÁCERES,5120,2021,2.0,Antioquia,30833.0,6.486556611422826
CÁCERES,5120,2022,2.0,,,
CÓRDOBA,52215,2010,1.0,Nariño,14749.0,6.780120686148214
CÓRDOBA,52215,2015,1.0,Nariño,15256.0,6.554798112218144
CÓRDOBA,52215,2022,1.0,,,
CÚCUTA (CT),54001,2014,2.0,Norte de Santander,668507.0,0.29917412981464664
CÚCUTA (CT),54001,2016,2.0,Norte de Santander,680030.0,0.2941046718527124
CÚCUTA (CT),54001,2018,1.0,Norte de Santander,711715.0,0.14050567994211166
CÚCUTA (CT),54001,2019,3.0,Norte de Santander,749197.0,0.40042872568897103
CÚCUTA (CT),54001,2020,4.0,Norte de Santander,777106.0,0.5147302941940997
CÚCUTA (CT),54001,2021,9.0,Norte de Santander,787891.0,1.1422899868128968
DABEIBA,5234,2013,2.0,Antioquia,22542.0,8.872327211427557
DABEIBA,5234,2014,1.0,Antioquia,22570.0,4.430660168365087
DABEIBA,5234,2020,1.0,Antioquia,23509.0,4.253690076141052
DABEIBA,5234,2022,1.0,,,
DAGUA,76233,2010,1.0,Valle del Cauca,45589.0,2.1935115927087674
DAGUA,76233,2011,1.0,Valle del Cauca,45937.0,2.176894442388489
DAGUA,76233,2013,1.0,Valle del Cauca,46622.0,2.1449101282656255
DAGUA,76233,2014,1.0,Valle del Cauca,46833.0,2.1352465142100656
DAGUA,76233,2016,1.0,Valle del Cauca,47427.0,2.1085035949986293
DAGUA,76233,2022,4.0,,,
DIBULLA,44090,2010,1.0,La Guajira,29247.0,3.419154101275345
DISTRACCIÓN,44098,2013,1.0,La Guajira,12059.0,8.292561572269674
DISTRACCIÓN,44098,2015,1.0,La Guajira,12298.0,8.13140348024069
DISTRACCIÓN,44098,2022,1.0,,,
DOLORES,73236,2011,1.0,Tolima,8994.0,11.1185234600845
DOLORES,73236,2013,1.0,Tolima,8787.0,11.380448389666553
DOLORES,73236,2014,1.0,Tolima,8731.0,11.453441759248655
DOLORES,73236,2022,1.0,,,
DON MATÍAS,5237,2015,1.0,Antioquia,18084.0,5.529750055297501
DUITAMA,15238,2014,2.0,Boyacá,115501.0,1.7315867395087488
DUITAMA,15238,2022,1.0,,,
EL BAGRE,5250,2011,1.0,Antioquia,44881.0,2.228114346828279
EL BAGRE,5250,2013,3.0,Antioquia,46678.0,6.427010583144093
EL BAGRE,5250,2015,3.0,Antioquia,48493.0,6.186459901429073
EL BAGRE,5250,2016,1.0,Antioquia,49488.0,2.02069188490139
EL BAGRE,5250,2018,2.0,Antioquia,51862.0,3.8563881068990784
EL BAGRE,5250,2020,2.0,Antioquia,53846.0,3.714296326560933
EL BAGRE,5250,2021,2.0,Antioquia,54681.0,3.6575775863645505
EL BAGRE,5250,2022,1.0,,,
EL BANCO,47245,2022,1.0,,,
EL CARMEN,54245,2013,9.0,Norte de Santander,12747.0,70.60484819957638
EL CARMEN,54245,2014,8.0,Norte de Santander,12752.0,62.73525721455457
EL CARMEN,54245,2015,1.0,Norte de Santander,12754.0,7.840677434530344
EL CARMEN,54245,2020,1.0,Norte de Santander,14043.0,7.120985544399345
EL CARMEN,54245,2021,2.0,Norte de Santander,14235.0,14.049877063575694
EL CARMEN DE ATRATO,27245,2013,1.0,Chocó,7619.0,13.1250820317627
EL CARMEN DE ATRATO,27245,2014,1.0,Chocó,7759.0,12.888258796236629
EL CARMEN DE ATRATO,27245,2015,1.0,Chocó,7833.0,12.766500702157538
EL CARMEN DE ATRATO,27245,2019,1.0,Chocó,8197.0,12.19958521410272
EL CARMEN DE ATRATO,27245,2020,2.0,Chocó,8212.0,24.354603019970774
EL CARMEN DE ATRATO,27245,2022,4.0,,,
EL CARMEN DE VIBORAL,5148,2014,1.0,Antioquia,55464.0,1.8029712966969567
EL CASTILLO,50251,2010,1.0,Meta,8045.0,12.430080795525171
EL CASTILLO,50251,2011,1.0,Meta,8058.0,12.410027302060065
EL CASTILLO,50251,2013,2.0,Meta,8014.0,24.95632642874969
EL CASTILLO,50251,2017,2.0,Meta,7994.0,25.01876407305479
EL CASTILLO,50251,2022,7.0,,,
EL CHARCO,52250,2010,2.0,Nariño,22976.0,8.70473537604457
EL CHARCO,52250,2011,2.0,Nariño,22941.0,8.71801577960856
EL CHARCO,52250,2013,2.0,Nariño,22860.0,8.748906386701663
EL CHARCO,52250,2014,4.0,Nariño,22785.0,17.555409260478385
EL CHARCO,52250,2015,1.0,Nariño,22741.0,4.39734400422145
EL CHARCO,52250,2016,1.0,Nariño,22628.0,4.4193035177656
EL CHARCO,52250,2017,1.0,Nariño,22569.0,4.430856484558465
EL CHARCO,52250,2018,1.0,Nariño,22505.0,4.443457009553432
EL CHARCO,52250,2019,1.0,Nariño,22528.0,4.438920454545455
EL CHARCO,52250,2020,1.0,Nariño,22550.0,4.434589800443459
EL DONCELLO,18247,2011,1.0,Caquetá,20367.0,4.909903274905484
EL DONCELLO,18247,2013,1.0,Caquetá,20072.0,4.982064567556796
EL DONCELLO,18247,2020,1.0,Caquetá,19284.0,5.185646131507986
EL DORADO,50270,2014,2.0,Meta,3688.0,54.229934924078094
EL LITORAL DEL SAN JUAN,27250,2020,1.0,Chocó,22890.0,4.36871996505024
EL MOLINO,44110,2013,1.0,La Guajira,6639.0,15.062509414068384
EL MOLINO,44110,2014,1.0,La Guajira,6675.0,14.981273408239701
EL PAUJIL,18256,2010,1.0,Caquetá,17188.0,5.818012566907145
EL PAUJIL,18256,2022,2.0,,,
EL RETORNO,95025,2011,2.0,Guaviare,11189.0,17.8746983644651
EL RETORNO,95025,2013,3.0,Guaviare,11708.0,25.62350529552443
EL RETORNO,95025,2016,1.0,Guaviare,12748.0,7.844367743959836
EL RETORNO,95025,2017,1.0,Guaviare,13131.0,7.61556621734826
EL RETORNO,95025,2020,10.0,Guaviare,13722.0,72.87567409998543
EL RETORNO,95025,2021,1.0,Guaviare,14010.0,7.137758743754461
EL RETÉN,47268,2019,1.0,Magdalena,20455.0,4.888780249327793
EL ROSARIO,52256,2015,2.0,Nariño,11980.0,16.69449081803005
EL ROSARIO,52256,2018,1.0,Nariño,12280.0,8.143322475570033
EL ROSARIO,52256,2020,1.0,Nariño,12062.0,8.2904990880451
EL SANTUARIO,5697,2014,1.0,Antioquia,33707.0,2.9667428130655353
EL TAMBO,19256,2010,1.0,Cauca,52342.0,1.9105116350158573
EL TAMBO,19256,2013,3.0,Cauca,52831.0,5.678484223278
EL TAMBO,19256,2020,1.0,Cauca,53769.0,1.8598076958842458
EL TAMBO,19256,2022,4.0,,,
EL TARRA,54250,2010,2.0,Norte de Santander,16340.0,12.239902080783354
EL TARRA,54250,2011,1.0,Norte de Santander,16760.0,5.966587112171838
EL TARRA,54250,2013,15.0,Norte de Santander,17509.0,85.67022674053344
EL TARRA,54250,2014,5.0,Norte de Santander,17875.0,27.972027972027973
EL TARRA,54250,2015,1.0,Norte de Santander,18246.0,5.48065329387263
EL TARRA,54250,2020,1.0,Norte de Santander,21926.0,4.560795402718234
EL TARRA,54250,2021,1.0,Norte de Santander,22230.0,4.49842555105713
EL TARRA,54250,2022,10.0,,,
EL ZULIA,54261,2017,1.0,Norte de Santander,25727.0,3.886966999650173
EL ZULIA,54261,2020,2.0,Norte de Santander,29392.0,6.804572672836146
EL ZULIA,54261,2021,3.0,Norte de Santander,29800.0,10.06711409395973
ENTRERRIOS,5264,2016,1.0,Antioquia,10830.0,9.233610341643582
ENVIGADO,5266,2011,1.0,Antioquia,198772.0,0.5030889662527921
ENVIGADO,5266,2013,1.0,Antioquia,206658.0,0.48389125995606264
ESPINAL,73268,2010,1.0,Tolima,69858.0,1.4314752784219416
ESPINAL,73268,2011,1.0,Tolima,69928.0,1.430042329252946
FACATATIVÁ,25269,2021,2.0,Cundinamarca,162205.0,1.2330076138220152
FLANDES,73275,2011,1.0,Tolima,28187.0,3.5477347713484937
FLORENCIA (CT),18001,2010,1.0,Caquetá,161863.0,0.6178064165374422
FLORENCIA (CT),18001,2011,2.0,Caquetá,162937.0,1.2274682852881789
FLORENCIA (CT),18001,2013,1.0,Caquetá,164798.0,0.6068034806247649
FLORENCIA (CT),18001,2014,1.0,Caquetá,165639.0,0.6037225532634223
FLORENCIA (CT),18001,2015,2.0,Caquetá,166359.0,1.2022192968219334
FLORENCIA (CT),18001,2022,1.0,,,
FLORIDA,76275,2010,2.0,Valle del Cauca,56056.0,3.5678607107178535
FLORIDA,76275,2011,1.0,Valle del Cauca,56210.0,1.7790428749332858
FLORIDA,76275,2014,2.0,Valle del Cauca,56435.0,3.5439000620182513
FLORIDA,76275,2015,2.0,Valle del Cauca,56530.0,3.5379444542720675
FLORIDA,76275,2019,1.0,Valle del Cauca,57696.0,1.7332224070992792
FLORIDA,76275,2020,2.0,Valle del Cauca,57961.0,3.45059609047463
FLORIDA,76275,2021,1.0,Valle del Cauca,58273.0,1.7160606112607897
FLORIDA,76275,2022,2.0,,,
FONSECA,44279,2011,2.0,La Guajira,36023.0,5.552008439052828
FONSECA,44279,2013,3.0,La Guajira,37505.0,7.998933475536595
FONSECA,44279,2014,1.0,La Guajira,38238.0,2.615199539724881
FONSECA,44279,2015,1.0,La Guajira,39079.0,2.558919112566852
FORTUL,81300,2010,1.0,Arauca,15054.0,6.642752756742395
FORTUL,81300,2013,1.0,Arauca,16074.0,6.221226825930074
FORTUL,81300,2014,3.0,Arauca,16432.0,18.2570593962999
FORTUL,81300,2015,1.0,Arauca,16818.0,5.946010227137591
FORTUL,81300,2016,4.0,Arauca,17303.0,23.117378489279318
FORTUL,81300,2017,1.0,Arauca,17916.0,5.581603036392052
FORTUL,81300,2019,15.0,Arauca,19659.0,76.30093087135663
FORTUL,81300,2020,22.0,Arauca,20148.0,109.19197935278936
FORTUL,81300,2021,7.0,Arauca,20629.0,33.93281303020021
FORTUL,81300,2022,2.0,,,
FRANCISCO PIZARRO,52520,2013,1.0,Nariño,13425.0,7.4487895716946
FREDONIA,5282,2017,1.0,Antioquia,24252.0,4.123371268349002
FREDONIA,5282,2021,1.0,Antioquia,25138.0,3.9780412125069615
FUENTE DE ORO,50287,2011,1.0,Meta,10333.0,9.677731539727088
FUENTE DE ORO,50287,2015,2.0,Meta,11421.0,17.511601435951317
FUNDACIÓN,47288,2015,1.0,Magdalena,62947.0,1.5886380605906556
FUNDACIÓN,47288,2022,1.0,,,
GACHANCIPÁ,25295,2021,1.0,Cundinamarca,20150.0,4.962779156327543
GAMARRA,20295,2018,1.0,Cesar,14973.0,6.678688305616777
GARZÓN,41298,2013,2.0,Huila,67731.0,2.9528576279694674
GARZÓN,41298,2014,1.0,Huila,68655.0,1.456558153084262
GIGANTE,41306,2014,2.0,Huila,24078.0,8.306337735692335
GIGANTE,41306,2016,1.0,Huila,24276.0,4.119294776734223
GIRALDO,5306,2013,2.0,Antioquia,5305.0,37.70028275212064
GIRALDO,5306,2016,1.0,Antioquia,5396.0,18.532246108228318
GIRARDOT,25307,2020,2.0,Cundinamarca,109792.0,1.8216263480034978
GIRARDOTA,5308,2022,1.0,,,
GRANADA,5313,2020,1.0,Antioquia,9764.0,10.24170421958214
GRANADA,50313,2010,2.0,Meta,60123.0,3.3265139796749996
GRANADA,50313,2011,7.0,Meta,61327.0,11.41422212076247
GRANADA,50313,2013,4.0,Meta,63543.0,6.294949876461608
GRANADA,50313,2014,12.0,Meta,64615.0,18.571539116304265
GRANADA,50313,2018,1.0,Meta,68876.0,1.451884546140891
GRANADA,50313,2021,2.0,Meta,71174.0,2.8100148930789333
GRANADA,50313,2022,4.0,,,
GUACARÍ,76318,2011,1.0,Valle del Cauca,32753.0,3.0531554361432542
GUACARÍ,76318,2020,1.0,Valle del Cauca,33578.0,2.97814044910358
GUACHENÉ,19300,2010,1.0,Cauca,22493.0,4.4458275908060285
GUACHENÉ,19300,2014,1.0,Cauca,21012.0,4.759185227489054
GUACHENÉ,19300,2018,1.0,Cauca,19671.0,5.083625641807737
GUACHENÉ,19300,2022,1.0,,,
GUACHUCAL,52317,2016,1.0,Nariño,19082.0,5.240540823813017
GUACHUCAL,52317,2018,1.0,Nariño,19450.0,5.141388174807198
GUADALAJARA DE BUGA,76111,2013,1.0,Valle del Cauca,126678.0,0.7894030534110106
GUADALAJARA DE BUGA,76111,2015,1.0,Valle del Cauca,126493.0,0.7905575802613584
GUADALAJARA DE BUGA,76111,2022,3.0,,,
GUADALUPE,5315,2010,4.0,Antioquia,6549.0,61.07802717972209
GUADALUPE,5315,2011,4.0,Antioquia,6523.0,61.32147784761613
GUADALUPE,5315,2013,1.0,Antioquia,6526.0,15.323322096230463
GUADALUPE,5315,2014,3.0,Antioquia,6480.0,46.2962962962963
GUADALUPE,5315,2015,1.0,Antioquia,6494.0,15.398829688943641
GUADALUPE,5315,2022,1.0,,,
GUAMAL,47318,2020,1.0,Magdalena,27918.0,3.5819184755354967
GUAMAL,50318,2011,1.0,Meta,12813.0,7.804573480059315
GUAMAL,50318,2014,2.0,Meta,13365.0,14.964459408903853
GUAMAL,50318,2021,1.0,Meta,14584.0,6.856829402084476
GUAPI,19318,2010,1.0,Cauca,27464.0,3.6411302068161953
GUAPI,19318,2013,1.0,Cauca,27469.0,3.6404674360187848
GUAPI,19318,2014,2.0,Cauca,27476.0,7.279079924297569
GUAPI,19318,2015,1.0,Cauca,27470.0,3.6403349108117946
GUAPI,19318,2021,1.0,Cauca,27917.0,3.582046781530967
GUAPI,19318,2022,2.0,,,
GÜICÁN,15332,2015,1.0,Boyacá,4326.0,23.11604253351826
HACARÍ,54344,2010,1.0,Norte de Santander,9421.0,10.614584439019213
HACARÍ,54344,2014,1.0,Norte de Santander,9516.0,10.508617065994116
HACARÍ,54344,2015,1.0,Norte de Santander,9540.0,10.482180293501047
HACARÍ,54344,2020,3.0,Norte de Santander,10603.0,28.293879090823353
HACARÍ,54344,2021,1.0,Norte de Santander,10748.0,9.304056568663938
HATO COROZAL,85125,2016,1.0,Casanare,12025.0,8.316008316008316
HATO COROZAL,85125,2022,1.0,,,
HATONUEVO,44378,2016,1.0,La Guajira,18713.0,5.3438785870785015
HOBO,41349,2014,2.0,Huila,7093.0,28.196813760045117
HOBO,41349,2015,2.0,Huila,7085.0,28.228652081863093
IBAGUÉ (CT),73001,2010,12.0,Tolima,496428.0,2.417268969518238
IBAGUÉ (CT),73001,2011,12.0,Tolima,500754.0,2.3963862495357002
IBAGUÉ (CT),73001,2014,1.0,Tolima,512749.0,0.19502719654255787
IBAGUÉ (CT),73001,2020,1.0,Tolima,541101.0,0.1848083814297146
IBAGUÉ (CT),73001,2022,8.0,,,
ICONONZO,73352,2013,1.0,Tolima,11796.0,8.477449983045101
IMUÉS,52354,2022,1.0,,,
INZÁ,19355,2013,1.0,Cauca,27089.0,3.6915353095352357
INZÁ,19355,2014,2.0,Cauca,27468.0,7.2811999417504
INZÁ,19355,2022,2.0,,,
IPIALES,52356,2013,1.0,Nariño,112485.0,0.8890074232119839
IPIALES,52356,2015,1.0,Nariño,113934.0,0.8777011252128426
IPIALES,52356,2021,1.0,Nariño,115810.0,0.8634832915983076
IQUIRA,41357,2010,1.0,Huila,8613.0,11.610356437942645
IQUIRA,41357,2014,1.0,Huila,8880.0,11.26126126126126
ISNOS,41359,2010,2.0,Huila,22643.0,8.832751843836947
ISNOS,41359,2011,1.0,Huila,22956.0,4.356159609688099
ISNOS,41359,2022,1.0,,,
ISTMINA,27361,2015,1.0,Chocó,31901.0,3.1346979718504118
ISTMINA,27361,2022,1.0,,,
ITAGUI,5360,2011,1.0,Antioquia,246219.0,0.4061424991572543
ITAGUI,5360,2014,1.0,Antioquia,257978.0,0.38762995294172375
ITUANGO,5361,2011,2.0,Antioquia,26337.0,7.593879333257394
ITUANGO,5361,2013,8.0,Antioquia,26423.0,30.276652916020133
ITUANGO,5361,2014,5.0,Antioquia,26433.0,18.915749252827904
ITUANGO,5361,2015,2.0,Antioquia,26529.0,7.538919672810887
ITUANGO,5361,2016,2.0,Antioquia,26625.0,7.511737089201878
ITUANGO,5361,2018,1.0,Antioquia,27074.0,3.693580556991948
ITUANGO,5361,2019,8.0,Antioquia,27419.0,29.17684817097633
ITUANGO,5361,2020,8.0,Antioquia,27789.0,28.788369498722517
ITUANGO,5361,2021,4.0,Antioquia,28220.0,14.174344436569807
ITUANGO,5361,2022,5.0,,,
JAMBALÓ,19364,2011,1.0,Cauca,15407.0,6.490556240669825
JAMBALÓ,19364,2020,3.0,Cauca,18568.0,16.156828953037483
JAMBALÓ,19364,2022,4.0,,,
JAMUNDÍ,76364,2014,3.0,Valle del Cauca,148122.0,2.0253574755944426
JAMUNDÍ,76364,2018,1.0,Valle del Cauca,159877.0,0.6254808383945157
JAMUNDÍ,76364,2019,3.0,Valle del Cauca,164159.0,1.8274965125274887
JAMUNDÍ,76364,2020,9.0,Valle del Cauca,167147.0,5.384481923097632
JAMUNDÍ,76364,2022,1.0,,,
JUAN DE ACOSTA,8372,2022,1.0,,,
JURADÓ,27372,2020,1.0,Chocó,6841.0,14.6177459435755
LA APARTADA,23350,2010,1.0,Córdoba,15682.0,6.376737661012626
LA ARGENTINA,41378,2011,1.0,Huila,11619.0,8.606592649969878
LA DORADA,17380,2020,1.0,Caldas,74006.0,1.3512417912061183
LA FLORIDA,52381,2018,1.0,Nariño,10104.0,9.897070467141726
LA GLORIA,20383,2017,2.0,Cesar,16509.0,12.114604155309225
LA GLORIA,20383,2018,1.0,Cesar,17150.0,5.830903790087464
LA JAGUA DE IBIRICO,20400,2017,1.0,Cesar,44961.0,2.22414981873179
LA LLANADA,52385,2022,1.0,,,
LA MACARENA,50350,2011,1.0,Meta,21610.0,4.6274872744099955
LA MACARENA,50350,2013,1.0,Meta,23152.0,4.319281271596406
LA MACARENA,50350,2014,1.0,Meta,23879.0,4.187780057791365
LA MACARENA,50350,2018,6.0,Meta,26890.0,22.313127556712534
LA MACARENA,50350,2019,1.0,Meta,27534.0,3.631873320258589
LA MACARENA,50350,2020,6.0,Meta,28052.0,21.388849279908744
LA MACARENA,50350,2021,1.0,Meta,28290.0,3.534817956875221
LA MACARENA,50350,2022,1.0,,,
LA MONTAÑITA,18410,2020,1.0,Caquetá,14692.0,6.806425265450586
LA PLATA,41396,2011,1.0,Huila,55532.0,1.8007635237340633
LA PLATA,41396,2014,2.0,Huila,57838.0,3.4579342300909435
LA PLAYA,54398,2015,1.0,Norte de Santander,7275.0,13.745704467353951
LA PLAYA,54398,2021,1.0,Norte de Santander,8112.0,12.32741617357002
LA SALINA,85136,2011,2.0,Casanare,1343.0,148.92032762472078
LA SIERRA,19392,2011,1.0,Cauca,11199.0,8.929368693633359
LA TEBAIDA,63401,2020,1.0,Quindio,34803.0,2.873315518777117
LA TEBAIDA,63401,2021,1.0,Quindio,35225.0,2.8388928317956
LA TOLA,52390,2013,1.0,Nariño,7580.0,13.192612137203167
LA TOLA,52390,2014,1.0,Nariño,7566.0,13.217023526301876
LA TOLA,52390,2015,3.0,Nariño,7537.0,39.80363539869975
LA TOLA,52390,2018,1.0,Nariño,7411.0,13.493455673998112
LA TOLA,52390,2022,1.0,,,
LA UNIÓN,5400,2013,1.0,Antioquia,20241.0,4.9404673682130325
LA UNIÓN,76400,2013,1.0,Valle del Cauca,32972.0,3.032876379958753
LA VEGA,19397,2014,1.0,Cauca,23916.0,4.1813012209399565
LA VIRGINIA,66400,2021,1.0,Risaralda,28197.0,3.546476575522219
LABATECA,54377,2017,1.0,Norte de Santander,6108.0,16.371971185330715
LABRANZAGRANDE,15377,2010,1.0,Boyacá,3868.0,25.853154084798348
LEIVA,52405,2014,1.0,Nariño,9853.0,10.149193139145439
LEIVA,52405,2015,1.0,Nariño,9877.0,10.124531740407006
LEJANÍAS,50400,2013,2.0,Meta,11084.0,18.044027426921687
LEJANÍAS,50400,2015,1.0,Meta,11140.0,8.976660682226212
LEJANÍAS,50400,2017,1.0,Meta,11389.0,8.780402142418122
LEJANÍAS,50400,2018,1.0,Meta,11463.0,8.723719794120212
LEJANÍAS,50400,2022,5.0,,,
LETICIA (CT),91001,2014,2.0,Amazonas,44557.0,4.488632538097268
LINARES,52411,2014,2.0,Nariño,10724.0,18.64975755315181
LINARES,52411,2022,2.0,,,
LLORÓ,27413,2014,1.0,Chocó,9770.0,10.235414534288639
LLORÓ,27413,2016,1.0,Chocó,9835.0,10.167768174885612
LURUACO,8421,2010,1.0,Atlántico,25344.0,3.945707070707071
LÍBANO,73411,2010,2.0,Tolima,39162.0,5.106991471324243
LÓPEZ,19418,2020,2.0,Cauca,18932.0,10.564124234100992
MADRID,25430,2020,1.0,Cundinamarca,127138.0,0.7865469017917538
MAGANGUÉ,13430,2014,1.0,Bolívar,127838.0,0.7822400225285125
MAGANGUÉ,13430,2020,1.0,Bolívar,140156.0,0.7134906818116956
MAGÜI,52427,2011,1.0,Nariño,21049.0,4.750819516366573
MAGÜI,52427,2016,2.0,Nariño,23698.0,8.439530762089628
MAICAO,44430,2011,3.0,La Guajira,141759.0,2.116267750195755
MAICAO,44430,2013,7.0,La Guajira,148351.0,4.718539140282169
MAICAO,44430,2014,4.0,La Guajira,151637.0,2.637878618015392
MAICAO,44430,2016,1.0,La Guajira,159010.0,0.6288912647003333
MAICAO,44430,2020,1.0,La Guajira,185072.0,0.5403302498487075
MAICAO,44430,2022,10.0,,,
MALLAMA,52435,2013,1.0,Nariño,8617.0,11.604966925844261
MALLAMA,52435,2016,4.0,Nariño,8878.0,45.05519261094841
MALLAMA,52435,2018,1.0,Nariño,8976.0,11.140819964349376
MALLAMA,52435,2019,3.0,Nariño,8960.0,33.482142857142854
MALLAMA,52435,2020,2.0,Nariño,8946.0,22.3563603845294
MALLAMA,52435,2022,1.0,,,
MANIZALES (CT),17001,2010,2.0,Caldas,408785.0,0.48925474271316216
MANIZALES (CT),17001,2021,1.0,Caldas,450074.0,0.2221856850206855
MANÍ,85139,2015,1.0,Casanare,16379.0,6.105378838756945
MANÍ,85139,2018,2.0,Casanare,17211.0,11.620475277438848
MAPIRIPÁN,50325,2013,1.0,Meta,6905.0,14.48225923244026
MEDELLÍN (CT),5001,2010,5.0,Antioquia,2185539.0,0.22877651691413423
MEDELLÍN (CT),5001,2011,7.0,Antioquia,2213549.0,0.31623424645219056
MEDELLÍN (CT),5001,2013,7.0,Antioquia,2266969.0,0.3087823432962692
MEDELLÍN (CT),5001,2015,1.0,Antioquia,2320791.0,0.04308875723837261
MEDELLÍN (CT),5001,2016,1.0,Antioquia,2351077.0,0.04253369838588868
MEDELLÍN (CT),5001,2017,2.0,Antioquia,2385018.0,0.08385680946642751
MEDELLÍN (CT),5001,2018,1.0,Antioquia,2427129.0,0.04120094152391571
MEDELLÍN (CT),5001,2019,1.0,Antioquia,2483545.0,0.04026502439053853
MEDELLÍN (CT),5001,2020,2.0,Antioquia,2533424.0,0.07894454303740708
MEDELLÍN (CT),5001,2022,9.0,,,
MEDINA,25438,2015,1.0,Cundinamarca,7939.0,12.596044841919639
MEDIO SAN JUAN,27450,2020,1.0,Chocó,10826.0,9.237021984112323
MEDIO SAN JUAN,27450,2021,1.0,Chocó,10916.0,9.160864785635765
MERCADERES,19450,2013,2.0,Cauca,21683.0,9.223815892634782
MERCADERES,19450,2014,1.0,Cauca,21863.0,4.573937702968485
MERCADERES,19450,2015,3.0,Cauca,21984.0,13.646288209606986
MERCADERES,19450,2017,1.0,Cauca,22408.0,4.462691895751518
MERCADERES,19450,2022,2.0,,,
MESETAS,50330,2010,3.0,Meta,10765.0,27.868091035764053
MESETAS,50330,2011,5.0,Meta,10853.0,46.070211001566385
MESETAS,50330,2015,1.0,Meta,10993.0,9.096697898662786
MESETAS,50330,2017,2.0,Meta,11113.0,17.996940520111583
MESETAS,50330,2018,2.0,Meta,11159.0,17.922752934850795
MESETAS,50330,2021,1.0,Meta,10516.0,9.509319132750095
MESETAS,50330,2022,5.0,,,
MILÁN,18460,2022,2.0,,,
MIRAFLORES,95200,2013,2.0,Guaviare,6196.0,32.278889606197545
MIRAFLORES,95200,2022,2.0,,,
MIRANDA,19455,2011,3.0,Cauca,29538.0,10.156408693885842
MIRANDA,19455,2013,1.0,Cauca,30029.0,3.330114222917846
MIRANDA,19455,2015,1.0,Cauca,30514.0,3.2771842432981586
MIRANDA,19455,2019,2.0,Cauca,31733.0,6.302587212050547
MIRANDA,19455,2022,3.0,,,
MOCOA (CT),86001,2010,2.0,Putumayo,45538.0,4.391936404760859
MOCOA (CT),86001,2013,1.0,Putumayo,49499.0,2.020242833188549
MOCOA (CT),86001,2014,3.0,Putumayo,50761.0,5.9100490534071435
MOCOA (CT),86001,2015,3.0,Putumayo,52078.0,5.760589884404163
MOCOA (CT),86001,2016,1.0,Putumayo,53461.0,1.8705224369166307
MOCOA (CT),86001,2022,1.0,,,
MONTELÍBANO,23466,2010,1.0,Córdoba,70365.0,1.4211610886093937
MONTELÍBANO,23466,2020,1.0,Córdoba,85885.0,1.1643476742155208
MONTENEGRO,63470,2019,1.0,Quindio,37127.0,2.6934575915102217
MURINDÓ,5475,2020,7.0,Antioquia,5234.0,133.74092472296522
MURINDÓ,5475,2022,1.0,,,
MUTATÁ,5480,2011,2.0,Antioquia,12940.0,15.45595054095827
MUTATÁ,5480,2014,1.0,Antioquia,13385.0,7.471049682480388
NARIÑO,5483,2015,1.0,Antioquia,10650.0,9.389671361502348
NARIÑO,52480,2011,1.0,Nariño,4526.0,22.09456473707468
NATAGAIMA,73483,2011,2.0,Tolima,16165.0,12.372409526755336
NATAGAIMA,73483,2013,2.0,Tolima,15753.0,12.695994413762458
NATAGAIMA,73483,2014,1.0,Tolima,15530.0,6.439150032195751
NECHÍ,5495,2022,1.0,,,
NEIRA,17486,2021,1.0,Caldas,21295.0,4.69593801361822
NEIVA (CT),41001,2010,23.0,Huila,326219.0,7.050478359629573
NEIVA (CT),41001,2011,19.0,Huila,330022.0,5.757191944779439
NEIVA (CT),41001,2013,7.0,Huila,337452.0,2.074369095456539
NEIVA (CT),41001,2014,21.0,Huila,341232.0,6.154170769447179
NEIVA (CT),41001,2015,3.0,Huila,345066.0,0.8693988976021978
NEIVA (CT),41001,2016,2.0,Huila,349048.0,0.5729870963305906
NEIVA (CT),41001,2017,3.0,Huila,352999.0,0.8498607644780865
NEIVA (CT),41001,2018,2.0,Huila,357392.0,0.5596096163316471
NEIVA (CT),41001,2021,1.0,Huila,367400.0,0.2721829069134458
NEIVA (CT),41001,2022,9.0,,,
NOROSÍ,13490,2014,1.0,Bolívar,7053.0,14.17836381681554
NOROSÍ,13490,2020,1.0,Bolívar,9953.0,10.047221943132724
NUNCHÍA,85225,2015,1.0,Casanare,8394.0,11.913271384322135
NUNCHÍA,85225,2022,1.0,,,
OBANDO,76497,2011,1.0,Valle del Cauca,13429.0,7.446570854121678
OCAÑA,54498,2013,6.0,Norte de Santander,110817.0,5.4143317361054715
OCAÑA,54498,2014,3.0,Norte de Santander,111409.0,2.6927806550637743
OCAÑA,54498,2015,4.0,Norte de Santander,111985.0,3.571906951823905
OCAÑA,54498,2016,2.0,Norte de Santander,113120.0,1.768033946251768
OCAÑA,54498,2020,4.0,Norte de Santander,129308.0,3.0933894267949396
OCAÑA,54498,2022,2.0,,,
OLAYA HERRERA,52490,2014,1.0,Nariño,26095.0,3.832151753209427
OLAYA HERRERA,52490,2018,1.0,Nariño,25358.0,3.9435286694534266
OLAYA HERRERA,52490,2020,1.0,Nariño,25210.0,3.9666798889329633
ONZAGA,68502,2010,1.0,Santander,5039.0,19.845207382417147
ORITO,86320,2011,3.0,Putumayo,32839.0,9.135479155881727
ORITO,86320,2013,40.0,Putumayo,34204.0,116.9453865045024
ORITO,86320,2014,29.0,Putumayo,34847.0,83.22093723993457
ORITO,86320,2015,8.0,Putumayo,35524.0,22.519986488008108
ORITO,86320,2022,19.0,,,
ORTEGA,73504,2010,2.0,Tolima,34266.0,5.836689429755443
ORTEGA,73504,2011,1.0,Tolima,34245.0,2.9201343261790043
PADILLA,19513,2014,2.0,Cauca,9830.0,20.34587995930824
PADILLA,19513,2020,1.0,Cauca,9992.0,10.008006405124098
PAEZ,19517,2022,1.0,,,
PAILITAS,20517,2016,2.0,Cesar,17729.0,11.280952112358282
PAILITAS,20517,2017,1.0,Cesar,18050.0,5.540166204986149
PAILITAS,20517,2020,3.0,Cesar,19705.0,15.224562293834053
PAILITAS,20517,2021,2.0,Cesar,20114.0,9.943323058566172
PAJARITO,15518,2011,2.0,Boyacá,2493.0,80.22462896109106
PAJARITO,15518,2015,1.0,Boyacá,2466.0,40.55150040551501
PAJARITO,15518,2016,1.0,Boyacá,2395.0,41.75365344467641
PAJARITO,15518,2018,2.0,Boyacá,2390.0,83.68200836820083
PALERMO,41524,2010,1.0,Huila,23822.0,4.197800352615229
PALERMO,41524,2013,1.0,Huila,24774.0,4.03648986841043
PALERMO,41524,2014,1.0,Huila,25062.0,3.990104540738967
PALMIRA,76520,2014,1.0,Valle del Cauca,340670.0,0.2935392021604485
PALMIRA,76520,2020,1.0,Valle del Cauca,354285.0,0.2822586335859548
PALMIRA,76520,2022,3.0,,,
PAMPLONA,54518,2020,1.0,Norte de Santander,53909.0,1.8549778330148954
PAMPLONA,54518,2022,1.0,,,
PASTO (CT),52001,2010,4.0,Nariño,378072.0,1.057999534480205
PASTO (CT),52001,2011,2.0,Nariño,380245.0,0.5259766729345554
PASTO (CT),52001,2014,1.0,Nariño,385710.0,0.25926213994970315
PASTO (CT),52001,2019,1.0,Nariño,392748.0,0.25461619155285325
PASTO (CT),52001,2022,1.0,,,
PATÍA,19532,2011,1.0,Cauca,36525.0,2.737850787132101
PATÍA,19532,2013,2.0,Cauca,36581.0,5.467319100079276
PATÍA,19532,2014,2.0,Cauca,36646.0,5.457621568520439
PATÍA,19532,2015,4.0,Cauca,36694.0,10.90096473537908
PATÍA,19532,2019,1.0,Cauca,37183.0,2.689401070381626
PATÍA,19532,2020,2.0,Cauca,37494.0,5.334186803221849
PATÍA,19532,2022,5.0,,,
PAUNA,15531,2013,1.0,Boyacá,7561.0,13.225763787858748
PAYA,15533,2011,1.0,Boyacá,2507.0,39.88831272437176
PAZ DE ARIPORO,85250,2016,3.0,Casanare,34790.0,8.62316757688991
PELAYA,20550,2016,2.0,Cesar,19536.0,10.237510237510238
PELAYA,20550,2017,1.0,Cesar,20007.0,4.9982506122857
PELAYA,20550,2018,2.0,Cesar,20683.0,9.669777111637575
PELAYA,20550,2020,3.0,Cesar,22291.0,13.458346417836793
PEQUE,5543,2013,1.0,Antioquia,7940.0,12.594458438287154
PEREIRA (CT),66001,2010,2.0,Risaralda,442493.0,0.45198455116804104
PEÑOL,5541,2013,1.0,Antioquia,19842.0,5.039814534825118
PIAMONTE,19533,2010,1.0,Cauca,6928.0,14.434180138568129
PIAMONTE,19533,2013,1.0,Cauca,7629.0,13.107877834578582
PIAMONTE,19533,2014,1.0,Cauca,7851.0,12.73723092599669
PIAMONTE,19533,2015,1.0,Cauca,8104.0,12.339585389930898
PIAMONTE,19533,2017,1.0,Cauca,8519.0,11.738466956215518
PIAMONTE,19533,2020,1.0,Cauca,9259.0,10.800302408467438
PIENDAMÓ,19548,2010,1.0,Cauca,37360.0,2.6766595289079227
PIENDAMÓ,19548,2011,1.0,Cauca,37781.0,2.646833064238639
PIENDAMÓ,19548,2013,2.0,Cauca,38635.0,5.176653293645658
PIENDAMÓ,19548,2014,2.0,Cauca,39070.0,5.1190171487074485
PIENDAMÓ,19548,2015,2.0,Cauca,39517.0,5.061112938735228
PIENDAMÓ,19548,2017,1.0,Cauca,40406.0,2.474879968321537
PIENDAMÓ,19548,2022,3.0,,,
PIJAO,63548,2020,1.0,Quindio,5121.0,19.527436047646944
PISBA,15550,2022,1.0,,,
PITAL,41548,2013,1.0,Huila,13155.0,7.601672367920942
PITALITO,41551,2010,2.0,Huila,107467.0,1.8610364111773847
PITALITO,41551,2014,1.0,Huila,115759.0,0.8638637168600282
PLANADAS,73555,2010,2.0,Tolima,25388.0,7.877737513786041
PLANADAS,73555,2011,2.0,Tolima,25387.0,7.878047819750266
PLANADAS,73555,2013,1.0,Tolima,25452.0,3.928964325003929
PLANADAS,73555,2014,2.0,Tolima,25500.0,7.843137254901961
PLANADAS,73555,2015,1.0,Tolima,25525.0,3.917727717923604
PLANADAS,73555,2019,1.0,Tolima,25785.0,3.8782237735117313
PLANADAS,73555,2021,1.0,Tolima,25871.0,3.865331838738356
PLANADAS,73555,2022,2.0,,,
PLATO,47555,2015,1.0,Magdalena,58101.0,1.7211407721037504
PONEDERA,8560,2013,1.0,Atlántico,21879.0,4.570592805886923
POPAYÁN (CT),19001,2010,1.0,Cauca,289412.0,0.3455281743673379
POPAYÁN (CT),19001,2011,4.0,Cauca,292988.0,1.3652436277253674
POPAYÁN (CT),19001,2021,2.0,Cauca,328139.0,0.6094978042841601
POPAYÁN (CT),19001,2022,3.0,,,
PORE,85263,2020,1.0,Casanare,12059.0,8.292561572269674
PORE,85263,2021,1.0,Casanare,12170.0,8.216926869350862
PRADERA,76563,2011,1.0,Valle del Cauca,46914.0,2.131559875516903
PRADERA,76563,2013,2.0,Valle del Cauca,47047.0,4.2510680808553145
PRADERA,76563,2014,2.0,Valle del Cauca,47062.0,4.249713144362755
PRADERA,76563,2020,2.0,Valle del Cauca,48165.0,4.152392816360428
PRADERA,76563,2022,4.0,,,
PUERRES,52573,2013,1.0,Nariño,8920.0,11.210762331838565
PUERRES,52573,2022,2.0,,,
PUERTO ASÍS,86568,2010,2.0,Putumayo,55466.0,3.6058125698626182
PUERTO ASÍS,86568,2011,2.0,Putumayo,56632.0,3.531572255968357
PUERTO ASÍS,86568,2013,23.0,Putumayo,58869.0,39.06979904533795
PUERTO ASÍS,86568,2014,20.0,Putumayo,59952.0,33.36002135041367
PUERTO ASÍS,86568,2015,13.0,Putumayo,61084.0,21.282168816711415
PUERTO ASÍS,86568,2016,2.0,Putumayo,62285.0,3.211045998233925
PUERTO ASÍS,86568,2018,1.0,Putumayo,64867.0,1.5416159218092405
PUERTO ASÍS,86568,2019,1.0,Putumayo,66084.0,1.5132255916712063
PUERTO ASÍS,86568,2020,1.0,Putumayo,67211.0,1.4878516909434467
PUERTO ASÍS,86568,2022,5.0,,,
PUERTO BERRÍO,5579,2011,1.0,Antioquia,36620.0,2.7307482250136537
PUERTO BERRÍO,5579,2015,1.0,Antioquia,37917.0,2.637339451960862
PUERTO BERRÍO,5579,2017,1.0,Antioquia,38721.0,2.582577929289016
PUERTO BERRÍO,5579,2020,1.0,Antioquia,40713.0,2.4562179156534767
PUERTO CAICEDO,86569,2010,1.0,Putumayo,14297.0,6.994474365251452
PUERTO CAICEDO,86569,2011,1.0,Putumayo,14567.0,6.864831468387451
PUERTO CAICEDO,86569,2013,2.0,Putumayo,15024.0,13.312034078807242
PUERTO CAICEDO,86569,2014,3.0,Putumayo,15232.0,19.695378151260506
PUERTO CAICEDO,86569,2015,1.0,Putumayo,15418.0,6.485925541574782
PUERTO CAICEDO,86569,2020,1.0,Putumayo,16007.0,6.2472668207659146
PUERTO CAICEDO,86569,2022,3.0,,,
PUERTO CONCORDIA,50450,2013,3.0,Meta,8126.0,36.91853310361802
PUERTO CONCORDIA,50450,2014,2.0,Meta,8161.0,24.506800637176816
PUERTO CONCORDIA,50450,2015,1.0,Meta,8225.0,12.158054711246201
PUERTO CONCORDIA,50450,2022,3.0,,,
PUERTO GAITÁN,50568,2011,2.0,Meta,33643.0,5.9447730582885
PUERTO GAITÁN,50568,2013,1.0,Meta,35937.0,2.782647410746584
PUERTO GAITÁN,50568,2014,1.0,Meta,37091.0,2.6960718233533743
PUERTO GAITÁN,50568,2020,2.0,Meta,43605.0,4.586629973626877
PUERTO GUZMÁN,86571,2010,2.0,Putumayo,29320.0,6.8212824010914055
PUERTO GUZMÁN,86571,2014,1.0,Putumayo,32186.0,3.106940905983968
PUERTO GUZMÁN,86571,2015,2.0,Putumayo,32915.0,6.076257025672186
PUERTO LEGUÍZAMO,86573,2022,1.0,,,
PUERTO LIBERTADOR,23580,2020,2.0,Córdoba,43573.0,4.589998393500562
PUERTO LLERAS,50577,2010,1.0,Meta,9517.0,10.507512871703268
PUERTO LLERAS,50577,2011,1.0,Meta,9624.0,10.390689941812136
PUERTO LLERAS,50577,2014,6.0,Meta,9913.0,60.52658125693534
PUERTO LLERAS,50577,2016,1.0,Meta,10161.0,9.841551028442082
PUERTO LLERAS,50577,2022,1.0,,,
PUERTO LÓPEZ,50573,2022,1.0,,,
PUERTO RICO,18592,2011,3.0,Caquetá,28334.0,10.587986165031412
PUERTO RICO,18592,2013,1.0,Caquetá,27846.0,3.591180061768297
PUERTO RICO,18592,2022,3.0,,,
PUERTO RICO,50590,2010,1.0,Meta,12808.0,7.807620237351655
PUERTO RICO,50590,2011,3.0,Meta,12854.0,23.33903843161662
PUERTO RICO,50590,2013,1.0,Meta,12982.0,7.702973347712217
PUERTO RICO,50590,2014,2.0,Meta,13014.0,15.368065160596279
PUERTO RICO,50590,2015,1.0,Meta,13015.0,7.68344218209758
PUERTO RICO,50590,2018,3.0,Meta,13061.0,22.969144782175942
PUERTO RICO,50590,2019,2.0,Meta,12918.0,15.482272797646694
PUERTO RICO,50590,2021,1.0,Meta,12980.0,7.704160246533128
PUERTO RICO,50590,2022,5.0,,,
PUERTO RONDÓN,81591,2010,2.0,Arauca,4014.0,49.82561036372695
PUERTO RONDÓN,81591,2013,2.0,Arauca,4084.0,48.97159647404506
PUERTO RONDÓN,81591,2020,1.0,Arauca,4919.0,20.329335230737954
PUERTO TEJADA,19573,2013,1.0,Cauca,41057.0,2.4356382590057724
PUERTO TEJADA,19573,2019,1.0,Cauca,41648.0,2.401075681905494
PUERTO TEJADA,19573,2022,2.0,,,
PUERTO TRIUNFO,5591,2014,1.0,Antioquia,16684.0,5.993766482857827
PUERTO TRIUNFO,5591,2021,1.0,Antioquia,19268.0,5.189952252439278
PUPIALES,52585,2010,1.0,Nariño,17543.0,5.700279313686371
PUPIALES,52585,2022,2.0,,,
PURACÉ,19585,2010,2.0,Cauca,15256.0,13.109596224436288
QUIBDÓ (CT),27001,2013,10.0,Chocó,123177.0,8.11839872703508
QUIBDÓ (CT),27001,2014,12.0,Chocó,124568.0,9.633292659430992
QUIBDÓ (CT),27001,2015,6.0,Chocó,125909.0,4.76534640097213
QUIBDÓ (CT),27001,2016,2.0,Chocó,127119.0,1.5733289280123348
QUIBDÓ (CT),27001,2017,1.0,Chocó,128214.0,0.7799460277348806
QUIBDÓ (CT),27001,2020,10.0,Chocó,130825.0,7.64379896808714
QUIBDÓ (CT),27001,2021,10.0,Chocó,131886.0,7.582305930879699
QUIBDÓ (CT),27001,2022,14.0,,,
QUIMBAYA,63594,2019,1.0,Quindio,30911.0,3.2350943029989323
RECETOR,85279,2015,2.0,Casanare,1716.0,116.55011655011656
REMEDIOS,5604,2013,1.0,Antioquia,26684.0,3.7475640833458255
REMEDIOS,5604,2014,1.0,Antioquia,26918.0,3.7149862545508583
REMEDIOS,5604,2015,2.0,Antioquia,27214.0,7.349158521349305
REMEDIOS,5604,2019,1.0,Antioquia,29061.0,3.4410378170056086
REMEDIOS,5604,2021,1.0,Antioquia,30094.0,3.3229215125938727
RESTREPO,50606,2014,1.0,Meta,16958.0,5.896921806816842
RESTREPO,50606,2022,1.0,,,
RICAURTE,52612,2013,2.0,Nariño,18023.0,11.096931698385395
RICAURTE,52612,2014,1.0,Nariño,18375.0,5.442176870748299
RICAURTE,52612,2016,2.0,Nariño,19003.0,10.524654001999684
RICAURTE,52612,2018,2.0,Nariño,19631.0,10.18796800978045
RICAURTE,52612,2019,1.0,Nariño,19885.0,5.028916268544129
RICAURTE,52612,2020,2.0,Nariño,20057.0,9.971580994166626
RICAURTE,52612,2022,4.0,,,
RIOBLANCO,73616,2011,1.0,Tolima,23310.0,4.29000429000429
RIOBLANCO,73616,2013,2.0,Tolima,23119.0,8.650893204723387
RIOBLANCO,73616,2017,1.0,Tolima,22746.0,4.396377385034731
RIOHACHA (CT),44001,2010,5.0,La Guajira,150847.0,3.3146167971520812
RIOHACHA (CT),44001,2011,5.0,La Guajira,154539.0,3.2354292443978543
RIOHACHA (CT),44001,2013,2.0,La Guajira,162196.0,1.2330760314681004
RIOHACHA (CT),44001,2015,3.0,La Guajira,170031.0,1.7643841417153343
RIOHACHA (CT),44001,2016,2.0,La Guajira,174676.0,1.1449769859625822
RIOHACHA (CT),44001,2017,1.0,La Guajira,180175.0,0.5550159567087554
RIOHACHA (CT),44001,2021,1.0,La Guajira,206435.0,0.48441398018746823
RIOHACHA (CT),44001,2022,15.0,,,
RIONEGRO,5615,2011,2.0,Antioquia,118781.0,1.6837709734721882
RIONEGRO,5615,2016,1.0,Antioquia,129753.0,0.7706950899015822
RIONEGRO,5615,2022,1.0,,,
RIONEGRO,68615,2021,1.0,Santander,27361.0,3.654837177003764
RIOSUCIO,17614,2020,3.0,Caldas,51956.0,5.774116560166295
RIOSUCIO,27615,2013,1.0,Chocó,43866.0,2.27966990379793
RIOSUCIO,27615,2020,2.0,Chocó,55232.0,3.6210892236384704
RIVERA,41615,2014,1.0,Huila,22741.0,4.39734400422145
ROBERTO PAYÁN,52621,2013,3.0,Nariño,12353.0,24.285598640006477
ROBERTO PAYÁN,52621,2020,2.0,Nariño,12694.0,15.755475027572082
ROBERTO PAYÁN,52621,2022,1.0,,,
RONCESVALLES,73622,2010,1.0,Tolima,5731.0,17.448961786773687
RONCESVALLES,73622,2014,1.0,Tolima,5546.0,18.031013342949876
ROSAS,19622,2011,2.0,Cauca,11346.0,17.627357659086904
ROSAS,19622,2013,1.0,Cauca,11452.0,8.732099196646873
ROSAS,19622,2020,1.0,Cauca,11539.0,8.666262241095415
ROVIRA,73624,2010,4.0,Tolima,22442.0,17.82372337581321
ROVIRA,73624,2011,1.0,Tolima,22337.0,4.476876930653177
ROVIRA,73624,2013,2.0,Tolima,22109.0,9.04608982767199
ROVIRA,73624,2022,2.0,,,
RÍO DE ORO,20614,2018,1.0,Cesar,16837.0,5.939300350418721
RÍO DE ORO,20614,2021,1.0,Cesar,18163.0,5.505698397841766
RÍO VIEJO,13600,2020,1.0,Bolívar,10736.0,9.314456035767511
SABANA DE TORRES,68655,2010,1.0,Santander,29793.0,3.356493135971537
SABANALARGA,5628,2013,1.0,Antioquia,8765.0,11.409013120365088
SABANALARGA,5628,2022,3.0,,,
SALADOBLANCO,41660,2015,1.0,Huila,10136.0,9.865824782951854
SALDAÑA,73671,2013,1.0,Tolima,14456.0,6.91754288876591
SALGAR,5642,2015,1.0,Antioquia,18427.0,5.426819341184133
SALGAR,5642,2022,1.0,,,
SAMANIEGO,52678,2010,3.0,Nariño,34560.0,8.680555555555555
SAMANIEGO,52678,2011,1.0,Nariño,33968.0,2.943947244465379
SAMANIEGO,52678,2014,1.0,Nariño,31984.0,3.12656328164082
SAMANIEGO,52678,2016,1.0,Nariño,30725.0,3.254678600488202
SAMANIEGO,52678,2017,1.0,Nariño,30141.0,3.3177399555422844
SAMANIEGO,52678,2020,1.0,Nariño,27742.0,3.604642779900512
SAMANIEGO,52678,2022,5.0,,,
SAN AGUSTÍN,41668,2013,1.0,Huila,31136.0,3.2117163412127443
SAN ANDRES DE TUMACO,52835,2010,2.0,Nariño,224316.0,0.8915993509156726
SAN ANDRES DE TUMACO,52835,2011,11.0,Nariño,228287.0,4.818496015979885
SAN ANDRES DE TUMACO,52835,2013,47.0,Nariño,235844.0,19.928427265480572
SAN ANDRES DE TUMACO,52835,2014,45.0,Nariño,239414.0,18.795893306155865
SAN ANDRES DE TUMACO,52835,2015,36.0,Nariño,243000.0,14.814814814814815
SAN ANDRES DE TUMACO,52835,2016,3.0,Nariño,246582.0,1.2166338175535927
SAN ANDRES DE TUMACO,52835,2017,3.0,Nariño,249983.0,1.2000816055491774
SAN ANDRES DE TUMACO,52835,2018,14.0,Nariño,253637.0,5.519699412940541
SAN ANDRES DE TUMACO,52835,2019,2.0,Nariño,255783.0,0.7819127932661669
SAN ANDRES DE TUMACO,52835,2020,8.0,Nariño,257052.0,3.1122107589125934
SAN ANDRES DE TUMACO,52835,2022,18.0,,,
SAN ANDRÉS DE CUERQUÍA,5647,2010,2.0,Antioquia,7463.0,26.798874447273214
SAN ANDRÉS DE CUERQUÍA,5647,2011,6.0,Antioquia,7424.0,80.81896551724138
SAN ANDRÉS DE CUERQUÍA,5647,2013,11.0,Antioquia,7340.0,149.86376021798364
SAN ANDRÉS DE CUERQUÍA,5647,2014,7.0,Antioquia,7319.0,95.64148107664981
SAN ANDRÉS DE CUERQUÍA,5647,2015,2.0,Antioquia,7280.0,27.47252747252747
SAN ANDRÉS DE CUERQUÍA,5647,2016,1.0,Antioquia,7270.0,13.75515818431912
SAN ANDRÉS DE CUERQUÍA,5647,2018,1.0,Antioquia,7235.0,13.821700069108502
SAN ANDRÉS DE CUERQUÍA,5647,2022,5.0,,,
SAN ANTONIO,73675,2013,2.0,Tolima,13750.0,14.545454545454545
SAN ANTONIO,73675,2022,2.0,,,
SAN CALIXTO,54670,2010,2.0,Norte de Santander,10894.0,18.358729575913348
SAN CALIXTO,54670,2013,1.0,Norte de Santander,11138.0,8.97827258035554
SAN CALIXTO,54670,2014,1.0,Norte de Santander,11220.0,8.9126559714795
SAN CALIXTO,54670,2016,1.0,Norte de Santander,11438.0,8.742787200559539
SAN CALIXTO,54670,2021,2.0,Norte de Santander,12341.0,16.20614212786646
SAN CALIXTO,54670,2022,1.0,,,
SAN CARLOS,5649,2021,2.0,Antioquia,16056.0,12.456402590931738
SAN CARLOS DE GUAROA,50680,2014,1.0,Meta,11266.0,8.876264867743652
SAN CARLOS DE GUAROA,50680,2015,1.0,Meta,11539.0,8.666262241095415
SAN DIEGO,20750,2022,2.0,,,
SAN FRANCISCO,86755,2015,1.0,Putumayo,5455.0,18.331805682859763
SAN JOSÉ DE LA MONTAÑA,5658,2013,1.0,Antioquia,3493.0,28.6286859433152
SAN JOSÉ DE LA MONTAÑA,5658,2018,1.0,Antioquia,3646.0,27.427317608337905
SAN JOSÉ DE URÉ,23682,2020,1.0,Córdoba,13814.0,7.239032865209207
SAN JOSÉ DEL FRAGUA,18610,2014,2.0,Caquetá,11923.0,16.774301769688837
SAN JOSÉ DEL FRAGUA,18610,2022,1.0,,,
SAN JOSÉ DEL GUAVIARE (CT),95001,2010,3.0,Guaviare,48085.0,6.238951856088177
SAN JOSÉ DEL GUAVIARE (CT),95001,2011,1.0,Guaviare,48211.0,2.074215428014354
SAN JOSÉ DEL GUAVIARE (CT),95001,2013,9.0,Guaviare,48767.0,18.455102835934134
SAN JOSÉ DEL GUAVIARE (CT),95001,2014,4.0,Guaviare,49268.0,8.118860112040268
SAN JOSÉ DEL GUAVIARE (CT),95001,2015,5.0,Guaviare,49835.0,10.033109260559849
SAN JOSÉ DEL GUAVIARE (CT),95001,2016,1.0,Guaviare,50608.0,1.9759721783117294
SAN JOSÉ DEL GUAVIARE (CT),95001,2017,8.0,Guaviare,51509.0,15.531266380632509
SAN JOSÉ DEL GUAVIARE (CT),95001,2018,2.0,Guaviare,52815.0,3.7868029915743633
SAN JOSÉ DEL GUAVIARE (CT),95001,2020,2.0,Guaviare,55820.0,3.582945180938732
SAN JOSÉ DEL GUAVIARE (CT),95001,2022,5.0,,,
SAN JUAN DE ARAMA,50683,2010,1.0,Meta,8636.0,11.579434923575729
SAN JUAN DE ARAMA,50683,2011,1.0,Meta,8734.0,11.44950767117014
SAN JUAN DE ARAMA,50683,2013,1.0,Meta,8816.0,11.343012704174228
SAN JUAN DE ARAMA,50683,2014,11.0,Meta,8862.0,124.12547957571655
SAN JUAN DE ARAMA,50683,2015,1.0,Meta,8975.0,11.142061281337048
SAN JUAN DE ARAMA,50683,2016,1.0,Meta,9049.0,11.050944855785168
SAN JUAN DE ARAMA,50683,2022,2.0,,,
SAN JUAN DEL CESAR,44650,2022,1.0,,,
SAN LUIS,5660,2016,1.0,Antioquia,12993.0,7.696451935657661
SAN LUIS DE SINCÉ,70742,2020,1.0,Sucre,31903.0,3.1345014575431778
SAN MARTÍN,20770,2018,1.0,Cesar,26674.0,3.7489690335157833
SAN MARTÍN,50689,2011,3.0,Meta,24310.0,12.340600575894692
SAN MARTÍN,50689,2013,2.0,Meta,25006.0,7.998080460689434
SAN MARTÍN,50689,2014,1.0,Meta,25354.0,3.9441508243275223
SAN MARTÍN,50689,2015,2.0,Meta,25669.0,7.791499474073786
SAN MIGUEL,86757,2013,8.0,Putumayo,17060.0,46.893317702227435
SAN MIGUEL,86757,2014,3.0,Putumayo,17437.0,17.204794402706888
SAN MIGUEL,86757,2015,2.0,Putumayo,17700.0,11.299435028248588
SAN MIGUEL,86757,2022,13.0,,,
SAN PABLO,13670,2013,1.0,Bolívar,25649.0,3.898787477094624
SAN PABLO,13670,2016,5.0,Bolívar,26436.0,18.913602663035256
SAN PEDRO,76670,2017,1.0,Valle del Cauca,16781.0,5.959120433823967
SAN PEDRO,76670,2022,4.0,,,
SAN ROQUE,5670,2021,1.0,Antioquia,21932.0,4.559547692868867
SAN VICENTE DEL CAGUÁN,18753,2010,3.0,Caquetá,46268.0,6.483962998184491
SAN VICENTE DEL CAGUÁN,18753,2011,4.0,Caquetá,46902.0,8.528420962858727
SAN VICENTE DEL CAGUÁN,18753,2013,4.0,Caquetá,48118.0,8.312897460409825
SAN VICENTE DEL CAGUÁN,18753,2017,2.0,Caquetá,50280.0,3.9777247414478922
SAN VICENTE DEL CAGUÁN,18753,2019,1.0,Caquetá,51714.0,1.93371234095216
SAN VICENTE DEL CAGUÁN,18753,2020,4.0,Caquetá,52593.0,7.605574886391725
SAN VICENTE DEL CAGUÁN,18753,2022,4.0,,,
SANDONÁ,52683,2010,1.0,Nariño,23427.0,4.268578990054212
SANDONÁ,52683,2022,1.0,,,
SANTA BÁRBARA,5679,2014,1.0,Antioquia,26893.0,3.7184397426839695
SANTA BÁRBARA,52696,2011,1.0,Nariño,12566.0,7.9579818558013695
SANTA BÁRBARA,52696,2014,1.0,Nariño,12929.0,7.734550235903781
SANTA BÁRBARA,52696,2016,1.0,Nariño,13218.0,7.565441065214102
SANTA ISABEL,73686,2013,1.0,Tolima,5992.0,16.688918558077436
SANTA MARTA (CT),47001,2010,1.0,Magdalena,433916.0,0.2304593515795684
SANTA MARTA (CT),47001,2011,3.0,Magdalena,441291.0,0.6798235178147753
SANTA MARTA (CT),47001,2013,3.0,Magdalena,455526.0,0.6585793127066293
SANTA MARTA (CT),47001,2014,1.0,Magdalena,462394.0,0.21626578199544114
SANTA MARTA (CT),47001,2015,2.0,Magdalena,469272.0,0.4261920591895532
SANTA MARTA (CT),47001,2016,3.0,Magdalena,477190.0,0.6286803998407343
SANTA MARTA (CT),47001,2018,2.0,Magdalena,499192.0,0.40064744627317744
SANTA MARTA (CT),47001,2022,4.0,,,
SANTA ROSA,19701,2011,1.0,Cauca,5709.0,17.516202487300756
SANTA ROSA,19701,2022,1.0,,,
SANTA ROSA DE OSOS,5686,2010,1.0,Antioquia,33279.0,3.004897983713453
SANTA ROSA DE OSOS,5686,2011,2.0,Antioquia,33557.0,5.960008344011682
SANTA ROSA DE OSOS,5686,2015,1.0,Antioquia,34887.0,2.8663972253274856
SANTA ROSA DE OSOS,5686,2016,1.0,Antioquia,35308.0,2.832219327064688
SANTA ROSA DE OSOS,5686,2022,1.0,,,
SANTA ROSA DEL SUR,13688,2020,2.0,Bolívar,34568.0,5.785697755149271
SANTA ROSA DEL SUR,13688,2022,2.0,,,
SANTACRUZ,52699,2010,1.0,Nariño,10333.0,9.677731539727088
SANTACRUZ,52699,2011,1.0,Nariño,10383.0,9.631127805065974
SANTACRUZ,52699,2018,2.0,Nariño,10796.0,18.52537977028529
SANTACRUZ,52699,2022,3.0,,,
SANTAFÉ DE ANTIOQUIA,5042,2011,1.0,Antioquia,24522.0,4.07797080172906
SANTAFÉ DE ANTIOQUIA,5042,2013,1.0,Antioquia,24878.0,4.019615724736715
SANTAFÉ DE ANTIOQUIA,5042,2021,1.0,Antioquia,27421.0,3.646840013128624
SANTANDER DE QUILICHAO,19698,2010,2.0,Cauca,100867.0,1.982809045574866
SANTANDER DE QUILICHAO,19698,2011,5.0,Cauca,102064.0,4.898886972879762
SANTANDER DE QUILICHAO,19698,2013,5.0,Cauca,104375.0,4.790419161676647
SANTANDER DE QUILICHAO,19698,2014,4.0,Cauca,105525.0,3.7905709547500592
SANTANDER DE QUILICHAO,19698,2015,2.0,Cauca,106712.0,1.8742034635280007
SANTANDER DE QUILICHAO,19698,2016,2.0,Cauca,107906.0,1.8534650529164272
SANTANDER DE QUILICHAO,19698,2019,2.0,Cauca,111789.0,1.7890847936737961
SANTANDER DE QUILICHAO,19698,2020,3.0,Cauca,113001.0,2.65484376244458
SANTANDER DE QUILICHAO,19698,2021,2.0,Cauca,113925.0,1.7555409260478385
SANTANDER DE QUILICHAO,19698,2022,6.0,,,
SANTIAGO,54680,2020,1.0,Norte de Santander,3667.0,27.270248159258248
SANTO DOMINGO,5690,2013,1.0,Antioquia,12877.0,7.765783955890347
SAPUYES,52720,2022,1.0,,,
SARAVENA,81736,2010,10.0,Arauca,50419.0,19.833792816200244
SARAVENA,81736,2011,5.0,Arauca,50532.0,9.894720177313387
SARAVENA,81736,2013,6.0,Arauca,50884.0,11.791525823441553
SARAVENA,81736,2014,11.0,Arauca,51172.0,21.496130696474633
SARAVENA,81736,2015,4.0,Arauca,51538.0,7.7612635337032865
SARAVENA,81736,2016,6.0,Arauca,52248.0,11.483693155718878
SARAVENA,81736,2017,1.0,Arauca,53309.0,1.8758558592357761
SARAVENA,81736,2018,3.0,Arauca,55554.0,5.400151204233719
SARAVENA,81736,2019,12.0,Arauca,59697.0,20.101512638826073
SARAVENA,81736,2020,13.0,Arauca,63004.0,20.63361056440861
SARAVENA,81736,2021,3.0,Arauca,64520.0,4.649721016738996
SARAVENA,81736,2022,12.0,,,
SARDINATA,54720,2010,1.0,Norte de Santander,23695.0,4.22029964127453
SARDINATA,54720,2011,1.0,Norte de Santander,23792.0,4.203093476798924
SARDINATA,54720,2013,1.0,Norte de Santander,23944.0,4.17641162712997
SARDINATA,54720,2014,3.0,Norte de Santander,23979.0,12.510947078693858
SARDINATA,54720,2015,2.0,Norte de Santander,23982.0,8.339588024351597
SARDINATA,54720,2020,2.0,Norte de Santander,26804.0,7.461572899567229
SARDINATA,54720,2021,1.0,Norte de Santander,27171.0,3.680394538294505
SEGOVIA,5736,2013,2.0,Antioquia,35217.0,5.679075446517307
SEGOVIA,5736,2014,2.0,Antioquia,35659.0,5.608682240107687
SEGOVIA,5736,2015,3.0,Antioquia,36088.0,8.313012635779206
SEGOVIA,5736,2016,1.0,Antioquia,36605.0,2.731867231252561
SEGOVIA,5736,2017,2.0,Antioquia,37171.0,5.380538591913051
SEGOVIA,5736,2019,1.0,Antioquia,38692.0,2.584513594541507
SEGOVIA,5736,2020,1.0,Antioquia,39379.0,2.5394245663932553
SEGOVIA,5736,2021,3.0,Antioquia,39990.0,7.501875468867217
SEGOVIA,5736,2022,4.0,,,
SEVILLA,76736,2016,1.0,Valle del Cauca,43119.0,2.319163245900879
SIBUNDOY,86749,2020,2.0,Putumayo,15473.0,12.925741614425128
SILVIA,19743,2010,1.0,Cauca,32104.0,3.114876650884625
SILVIA,19743,2013,1.0,Cauca,34055.0,2.9364263691087946
SIMACOTA,68745,2011,1.0,Santander,9965.0,10.035122930255897
SIPÍ,27745,2013,1.0,Chocó,2944.0,33.96739130434783
SIPÍ,27745,2022,1.0,,,
SOACHA,25754,2019,1.0,Cundinamarca,709276.0,0.14098883932347916
SOACHA,25754,2020,2.0,Cundinamarca,753548.0,0.2654110952454256
SOCOTÁ,15755,2010,1.0,Boyacá,8270.0,12.091898428053204
SOGAMOSO,15759,2014,1.0,Boyacá,121297.0,0.8244226980057214
SOGAMOSO,15759,2022,1.0,,,
SOLEDAD,8758,2018,1.0,Atlántico,603999.0,0.1655631880185232
SOLITA,18785,2020,1.0,Caquetá,6346.0,15.75795776867318
SOPETRÁN,5761,2016,1.0,Antioquia,14882.0,6.719526945303051
SOTARA,19760,2010,1.0,Cauca,12697.0,7.875876191226274
SOTARA,19760,2021,1.0,Cauca,14326.0,6.980315510261065
SUAZA,41770,2010,1.0,Huila,18474.0,5.413012882970661
SUCRE,19785,2014,1.0,Cauca,9594.0,10.423181154888471
SUÁREZ,19780,2015,1.0,Cauca,30900.0,3.2362459546925564
SUÁREZ,19780,2016,1.0,Cauca,31209.0,3.2042039155371844
SUÁREZ,19780,2018,1.0,Cauca,31904.0,3.1344032096288865
SUÁREZ,19780,2020,1.0,Cauca,32526.0,3.0744635061181826
SUÁREZ,19780,2022,2.0,,,
TADÓ,27787,2010,3.0,Chocó,15818.0,18.965735238336073
TADÓ,27787,2014,1.0,Chocó,16975.0,5.89101620029455
TADÓ,27787,2015,3.0,Chocó,17310.0,17.33102253032929
TADÓ,27787,2016,1.0,Chocó,17536.0,5.702554744525547
TADÓ,27787,2019,1.0,Chocó,17925.0,5.578800557880056
TADÓ,27787,2020,2.0,Chocó,17913.0,11.165075643387484
TADÓ,27787,2021,4.0,Chocó,18058.0,22.150847269908073
TADÓ,27787,2022,1.0,,,
TAMALAMEQUE,20787,2018,1.0,Cesar,15339.0,6.519329812895235
TAMALAMEQUE,20787,2020,1.0,Cesar,16189.0,6.177033788374823
TAME,81794,2010,7.0,Arauca,37839.0,18.499431803166047
TAME,81794,2011,5.0,Arauca,38187.0,13.093461125513917
TAME,81794,2013,9.0,Arauca,38977.0,23.090540575211023
TAME,81794,2014,6.0,Arauca,39467.0,15.202574302581903
TAME,81794,2015,1.0,Arauca,40011.0,2.499312689010522
TAME,81794,2018,5.0,Arauca,43932.0,11.381225530365109
TAME,81794,2019,10.0,Arauca,46741.0,21.394493057487
TAME,81794,2020,11.0,Arauca,48969.0,22.463190998386736
TAME,81794,2021,1.0,Arauca,50138.0,1.9944951932665842
TAME,81794,2022,18.0,,,
TAMINANGO,52786,2014,1.0,Nariño,18127.0,5.516632647432007
TAMINANGO,52786,2016,1.0,Nariño,17955.0,5.569479253689781
TARAZÁ,5790,2010,3.0,Antioquia,23910.0,12.547051442910915
TARAZÁ,5790,2011,2.0,Antioquia,24285.0,8.235536339304097
TARAZÁ,5790,2013,8.0,Antioquia,24875.0,32.16080402010051
TARAZÁ,5790,2014,6.0,Antioquia,25191.0,23.818030248898417
TARAZÁ,5790,2015,4.0,Antioquia,25566.0,15.645779550966127
TARAZÁ,5790,2016,5.0,Antioquia,25973.0,19.250760405035997
TARAZÁ,5790,2017,2.0,Antioquia,26401.0,7.575470626112646
TARAZÁ,5790,2018,1.0,Antioquia,26964.0,3.7086485684616526
TARAZÁ,5790,2019,29.0,Antioquia,27517.0,105.38939564632773
TARAZÁ,5790,2020,8.0,Antioquia,27995.0,28.576531523486338
TARAZÁ,5790,2021,11.0,Antioquia,28429.0,38.69288402687397
TARAZÁ,5790,2022,6.0,,,
TARSO,5792,2016,1.0,Antioquia,6141.0,16.283992835043154
TELLO,41799,2010,1.0,Huila,11622.0,8.604371020478403
TELLO,41799,2011,1.0,Huila,11627.0,8.600670852326482
TELLO,41799,2014,2.0,Huila,11691.0,17.107176460525192
TEORAMA,54800,2010,2.0,Norte de Santander,15058.0,13.281976358082083
TEORAMA,54800,2011,3.0,Norte de Santander,15150.0,19.801980198019802
TEORAMA,54800,2013,36.0,Norte de Santander,15275.0,235.67921440261867
TEORAMA,54800,2014,2.0,Norte de Santander,15336.0,13.041210224308815
TEORAMA,54800,2015,3.0,Norte de Santander,15397.0,19.48431512632331
TEORAMA,54800,2021,4.0,Norte de Santander,17915.0,22.32765838682668
TEORAMA,54800,2022,3.0,,,
TESALIA,41797,2014,1.0,Huila,10295.0,9.713453132588635
TIBÚ,54810,2010,6.0,Norte de Santander,47118.0,12.733987011333248
TIBÚ,54810,2011,10.0,Norte de Santander,47709.0,20.96040579345616
TIBÚ,54810,2013,27.0,Norte de Santander,48820.0,55.305202785743546
TIBÚ,54810,2014,11.0,Norte de Santander,49346.0,22.29157378510923
TIBÚ,54810,2015,7.0,Norte de Santander,49880.0,14.033680834001604
TIBÚ,54810,2016,5.0,Norte de Santander,50659.0,9.8699145265402
TIBÚ,54810,2020,6.0,Norte de Santander,58721.0,10.217809642206365
TIBÚ,54810,2021,22.0,Norte de Santander,59536.0,36.95243214189734
TIBÚ,54810,2022,9.0,,,
TIERRALTA,23807,2010,1.0,Córdoba,84939.0,1.1773154852305772
TIERRALTA,23807,2021,1.0,Córdoba,95973.0,1.0419597178373086
TIMBIQUÍ,19809,2011,1.0,Cauca,24147.0,4.141301196836046
TIMBIQUÍ,19809,2013,2.0,Cauca,24685.0,8.102086287218958
TIMBIQUÍ,19809,2015,1.0,Cauca,25195.0,3.9690414764834294
TIMBIQUÍ,19809,2022,3.0,,,
TIMBÍO,19807,2011,2.0,Cauca,34108.0,5.863726984871584
TIMBÍO,19807,2013,2.0,Cauca,34430.0,5.808887598024978
TIMBÍO,19807,2021,1.0,Cauca,36584.0,2.7334353815875794
TIMBÍO,19807,2022,2.0,,,
TOLEDO,5819,2010,3.0,Antioquia,5317.0,56.42279480910288
TOLEDO,5819,2011,3.0,Antioquia,5255.0,57.0884871550904
TOLEDO,5819,2013,8.0,Antioquia,5159.0,155.06881178522968
TOLEDO,5819,2014,13.0,Antioquia,5113.0,254.25386270291412
TOLEDO,5819,2015,3.0,Antioquia,5085.0,58.99705014749262
TOLEDO,5819,2022,5.0,,,
TOLEDO,54820,2013,11.0,Norte de Santander,15116.0,72.77057422598571
TOLEDO,54820,2014,7.0,Norte de Santander,15049.0,46.51471858595255
TOLEDO,54820,2015,2.0,Norte de Santander,14955.0,13.373453694416582
TOLEDO,54820,2016,2.0,Norte de Santander,14966.0,13.363624214887077
TOLEDO,54820,2020,1.0,Norte de Santander,16325.0,6.125574272588055
TORIBIO,19821,2011,2.0,Cauca,28927.0,6.913955819822311
TORIBIO,19821,2014,1.0,Cauca,31565.0,3.1680658957706322
TORIBIO,19821,2015,1.0,Cauca,32478.0,3.0790073280374406
TORIBIO,19821,2016,1.0,Cauca,33386.0,2.9952674773857306
TORIBIO,19821,2020,1.0,Cauca,36694.0,2.72524118384477
TORIBIO,19821,2021,1.0,Cauca,36994.0,2.7031410498999837
TORIBIO,19821,2022,1.0,,,
TOTORÓ,19824,2013,1.0,Cauca,22233.0,4.49781855799937
TOTORÓ,19824,2022,1.0,,,
TRINIDAD,85430,2015,1.0,Casanare,12518.0,7.988496564946477
TULUÁ,76834,2013,6.0,Valle del Cauca,205344.0,2.92192613370734
TULUÁ,76834,2014,3.0,Valle del Cauca,206352.0,1.453826471272389
TULUÁ,76834,2020,2.0,Valle del Cauca,218812.0,0.914026653017202
TULUÁ,76834,2021,2.0,Valle del Cauca,220032.0,0.9089586969168121
TULUÁ,76834,2022,5.0,,,
TUNJA (CT),15001,2013,1.0,Boyacá,159682.0,0.6262446612642627
TUNJA (CT),15001,2014,1.0,Boyacá,162176.0,0.6166140489344909
TUNJA (CT),15001,2015,1.0,Boyacá,164693.0,0.6071903481022266
TUNJA (CT),15001,2018,1.0,Boyacá,172548.0,0.5795488791524677
TUNJA (CT),15001,2022,1.0,,,
TURBO,5837,2022,1.0,,,
TÁMARA,85400,2010,1.0,Casanare,6737.0,14.843402107763099
TÁMARA,85400,2014,1.0,Casanare,6761.0,14.790711433219938
TÚQUERRES,52838,2011,1.0,Nariño,43630.0,2.292000916800367
TÚQUERRES,52838,2022,10.0,,,
URIBE,50370,2010,5.0,Meta,8400.0,59.52380952380953
URIBE,50370,2011,5.0,Meta,8530.0,58.61664712778428
URIBE,50370,2015,1.0,Meta,8953.0,11.169440411035406
URIBE,50370,2017,1.0,Meta,9176.0,10.897994768962512
URIBE,50370,2018,1.0,Meta,9284.0,10.771219302024988
URIBE,50370,2019,1.0,Meta,9388.0,10.651896037494673
URIBE,50370,2020,1.0,Meta,9482.0,10.546298249314491
URIBE,50370,2022,8.0,,,
URIBIA,44847,2013,2.0,La Guajira,143784.0,1.390975351916764
URIBIA,44847,2022,1.0,,,
URRAO,5847,2010,1.0,Antioquia,29324.0,3.410175965079798
URRAO,5847,2011,1.0,Antioquia,29371.0,3.4047189404514655
URRAO,5847,2013,1.0,Antioquia,29407.0,3.4005508892440575
URRAO,5847,2015,1.0,Antioquia,29540.0,3.3852403520649967
URRAO,5847,2016,1.0,Antioquia,29631.0,3.374843913469002
URUMITA,44855,2013,2.0,La Guajira,10467.0,19.107671730199677
VALDIVIA,5854,2010,2.0,Antioquia,13618.0,14.6864444118079
VALDIVIA,5854,2011,6.0,Antioquia,13636.0,44.00117336462306
VALDIVIA,5854,2013,7.0,Antioquia,13648.0,51.28956623681126
VALDIVIA,5854,2014,8.0,Antioquia,13651.0,58.60376529192
VALDIVIA,5854,2015,7.0,Antioquia,13698.0,51.10235070813257
VALDIVIA,5854,2016,4.0,Antioquia,13683.0,29.233355258349775
VALDIVIA,5854,2017,1.0,Antioquia,13700.0,7.299270072992702
VALDIVIA,5854,2019,8.0,Antioquia,13950.0,57.34767025089606
VALDIVIA,5854,2021,13.0,Antioquia,14321.0,90.77578381397947
VALDIVIA,5854,2022,6.0,,,
VALENCIA,23855,2020,1.0,Córdoba,36343.0,2.751561511157582
VALLE DE SAN JUAN,73854,2011,1.0,Tolima,5512.0,18.1422351233672
VALLE DEL GUAMUEZ,86865,2010,3.0,Putumayo,30657.0,9.785693316371466
VALLE DEL GUAMUEZ,86865,2011,8.0,Putumayo,31051.0,25.764065569546872
VALLE DEL GUAMUEZ,86865,2013,17.0,Putumayo,31666.0,53.68534074401566
VALLE DEL GUAMUEZ,86865,2014,12.0,Putumayo,31962.0,37.54458419373005
VALLE DEL GUAMUEZ,86865,2015,8.0,Putumayo,32266.0,24.793900700427695
VALLE DEL GUAMUEZ,86865,2020,1.0,Putumayo,34660.0,2.8851702250432774
VALLE DEL GUAMUEZ,86865,2022,11.0,,,
VALLEDUPAR (CT),20001,2011,1.0,Cesar,425252.0,0.23515468475162962
VALLEDUPAR (CT),20001,2013,2.0,Cesar,439872.0,0.4546777244289248
VALLEDUPAR (CT),20001,2018,1.0,Cesar,490075.0,0.2040504004489109
VALLEDUPAR (CT),20001,2020,1.0,Cesar,532956.0,0.1876327501707458
VALLEDUPAR (CT),20001,2022,2.0,,,
VALPARAÍSO,18860,2020,3.0,Caquetá,7048.0,42.56526674233825
VEGACHÍ,5858,2019,1.0,Antioquia,11910.0,8.39630562552477
VEGACHÍ,5858,2021,1.0,Antioquia,12226.0,8.179290037624735
VENECIA,5861,2018,1.0,Antioquia,11602.0,8.619203585588693
VILLA DEL ROSARIO,54874,2014,1.0,Norte de Santander,96818.0,1.032865789419323
VILLA DEL ROSARIO,54874,2019,1.0,Norte de Santander,107288.0,0.9320706882409961
VILLA DEL ROSARIO,54874,2020,2.0,Norte de Santander,111254.0,1.7976881730095098
VILLA DEL ROSARIO,54874,2021,1.0,Norte de Santander,112798.0,0.8865405414989627
VILLA RICA,19845,2022,2.0,,,
VILLAGARZÓN,86885,2013,1.0,Putumayo,21891.0,4.568087341829976
VILLAGARZÓN,86885,2014,5.0,Putumayo,22264.0,22.45777937477542
VILLANUEVA,44874,2010,1.0,La Guajira,24525.0,4.077471967380224
VILLANUEVA,44874,2011,1.0,La Guajira,24822.0,4.028684231729917
VILLANUEVA,44874,2013,1.0,La Guajira,25470.0,3.9261876717707107
VILLANUEVA,44874,2014,1.0,La Guajira,25857.0,3.86742468190432
VILLANUEVA,44874,2020,2.0,La Guajira,29236.0,6.840881105486386
VILLANUEVA,44874,2022,1.0,,,
VILLANUEVA,85440,2022,1.0,,,
VILLAVICENCIO (CT),50001,2010,9.0,Meta,454178.0,1.9816019269977851
VILLAVICENCIO (CT),50001,2011,14.0,Meta,464527.0,3.0138183571676134
VILLAVICENCIO (CT),50001,2013,11.0,Meta,484216.0,2.2717134501957807
VILLAVICENCIO (CT),50001,2014,10.0,Meta,493721.0,2.02543541797898
VILLAVICENCIO (CT),50001,2015,4.0,Meta,503042.0,0.7951622329745827
VILLAVICENCIO (CT),50001,2017,2.0,Meta,521700.0,0.38336208548974504
VILLAVICENCIO (CT),50001,2019,2.0,Meta,538824.0,0.3711787151277597
VILLAVICENCIO (CT),50001,2022,16.0,,,
VILLAVIEJA,41872,2010,1.0,Huila,7155.0,13.97624039133473
VISTAHERMOSA,50711,2010,7.0,Meta,17589.0,39.797600773210526
VISTAHERMOSA,50711,2011,8.0,Meta,17625.0,45.39007092198582
VISTAHERMOSA,50711,2013,4.0,Meta,17686.0,22.61675901843266
VISTAHERMOSA,50711,2014,7.0,Meta,17734.0,39.47220029322206
VISTAHERMOSA,50711,2015,3.0,Meta,17794.0,16.859615600764304
VISTAHERMOSA,50711,2018,1.0,Meta,17778.0,5.624929688378895
VISTAHERMOSA,50711,2019,2.0,Meta,17168.0,11.649580615097856
VISTAHERMOSA,50711,2021,1.0,Meta,16929.0,5.9070234508831
VISTAHERMOSA,50711,2022,7.0,,,
YACUANQUER,52885,2013,1.0,Nariño,10736.0,9.314456035767511
YALÍ,5885,2018,1.0,Antioquia,7608.0,13.144058885383807
YALÍ,5885,2019,1.0,Antioquia,7630.0,13.10615989515072
YARUMAL,5887,2010,3.0,Antioquia,39491.0,7.596667595148261
YARUMAL,5887,2011,3.0,Antioquia,39681.0,7.560293339381567
YARUMAL,5887,2013,5.0,Antioquia,40070.0,12.478163214374845
YARUMAL,5887,2014,5.0,Antioquia,40217.0,12.432553397816843
YARUMAL,5887,2015,7.0,Antioquia,40418.0,17.319016279875303
YARUMAL,5887,2016,1.0,Antioquia,40691.0,2.457545894669583
YARUMAL,5887,2018,2.0,Antioquia,41542.0,4.814404698858986
YARUMAL,5887,2020,1.0,Antioquia,42678.0,2.3431276067294626
YARUMAL,5887,2021,4.0,Antioquia,43340.0,9.229349330872173
YARUMAL,5887,2022,2.0,,,
YOLOMBÓ,5890,2014,1.0,Antioquia,22190.0,4.506534474988734
YONDÓ,5893,2011,3.0,Antioquia,16508.0,18.17300702689605
YONDÓ,5893,2014,1.0,Antioquia,17496.0,5.715592135345221
YONDÓ,5893,2015,1.0,Antioquia,17813.0,5.6138775051928365
YONDÓ,5893,2022,3.0,,,
YOPAL (CT),85001,2010,1.0,Casanare,141548.0,0.706474128917399
YOPAL (CT),85001,2013,1.0,Casanare,151210.0,0.6613319224918986
YOPAL (CT),85001,2014,2.0,Casanare,154298.0,1.296193080921334
YOPAL (CT),85001,2016,8.0,Casanare,160747.0,4.976764729668361
YOPAL (CT),85001,2020,1.0,Casanare,177688.0,0.5627842060240421
YOPAL (CT),85001,2022,2.0,,,
YOTOCO,76890,2013,1.0,Valle del Cauca,15831.0,6.316720358789716
YUMBO,76892,2014,2.0,Valle del Cauca,102729.0,1.9468699198863026
YUMBO,76892,2016,1.0,Valle del Cauca,104677.0,0.9553196977368477
YUMBO,76892,2020,1.0,Valle del Cauca,110069.0,0.9085210186337661
YUMBO,76892,2021,1.0,Valle del Cauca,110683.0,0.9034811127273383
ZAPATOCA,68895,2011,1.0,Santander,9585.0,10.432968179447053
ZARAGOZA,5895,2013,1.0,Antioquia,24042.0,4.159387738124948
ZARAGOZA,5895,2016,1.0,Antioquia,24233.0,4.12660421738951
ZARAGOZA,5895,2017,1.0,Antioquia,24430.0,4.093327875562832
ZARAGOZA,5895,2018,1.0,Antioquia,24651.0,4.056630562654659
ZARAGOZA,5895,2019,4.0,Antioquia,25210.0,15.866719555731853
ZARAGOZA,5895,2020,1.0,Antioquia,25703.0,3.8905964284324788
ZARAGOZA,5895,2022,2.0,,,
